{"stats":{"minecraft:broken":{"minecraft:golden_boots":1,"minecraft:iron_boots":5,"minecraft:iron_chestplate":5,"minecraft:iron_leggings":5,"minecraft:stone_pickaxe":1,"minecraft:wooden_pickaxe":1,"minecraft:shield":1,"minecraft:iron_pickaxe":1,"minecraft:iron_helmet":6},"minecraft:killed":{"jujutsucraft:mimiko":2,"jujutsucraft:cursed_spirit_grade_32":56,"jujutsucraft:cursed_spirit_grade_31":19,"jujutsucraft:inumaki_toge":1,"jujutsucraft:cursed_spirit_grade_33":158,"alexsmobs:lobster":7,"jujutsucraft:ishigori_ryu":2,"jujutsucraft:cursed_spirit_grade_11":3,"jujutsucraft:zenin_naoya":3,"jujutsucraft:cursed_spirit_grade_12":4,"jujutsucraft:fushiguro_megumi_shibuya":1,"jujutsucraft:cursed_spirit_grade_37":4,"jujutsucraft:cursed_spirit_grade_35":11,"alexsmobs:murmur":1,"minecraft:cod":3,"jujutsucraft:cursed_spirit_grade_39":126,"jujutsucraft:fushiguro_toji_bug":1,"minecraft:fox":1,"jujutsucraft:cursed_spirit_grade_15":1,"jujutsucraft:cursed_spirit_grade_19":2,"jujutsucraft:cursed_spirit_grade_16":7,"jujutsucraft:panda_normal":4,"jujutsucraft:fist":10,"alexsmobs:centipede_head":2,"alexsmobs:hammerhead_shark":1,"jujutsucraft:zenin_ogi":1,"jujutsucraft:cursed_spirit_grade_38":28,"jujutsucraft:cursed_spirit_grade_34":96,"jujutsucraft:higuruma_hiromi":1,"minecraft:camel":1,"jujutsucraft:nanami_kento":2,"alexsmobs:kangaroo":5,"jujutsucraft:mei_mei":1,"alexsmobs:triops":9,"jujutsucraft:kusakabe_yatsuya":1,"jujutsucraft:zenin_chojuro":1,"jujutsucraft:nishimiya_momo":1,"jujutsucraft:truck":2,"naturalist:firefly":3,"jujutsucraft:awasaka_jiro":6,"alexsmobs:seal":16,"jujutsucraft:zenin_jinichi":3,"minecraft:iron_golem":6,"jujutsucraft:bathynomus_giganteus":2,"jujutsucraft:curse_user_1":12,"jujutsucraft:cursed_spirit_grade_211":1,"jujutsucraft:cursed_spirit_grade_07":1,"jujutsucraft:itadori_yuji":3,"naturalist:rhino":1,"jujutsucraft:polymorphic_soul_isomer":3,"jujutsucraft:jogo":1,"jujutsucraft:cursed_spirit_grade_29":6,"jujutsucraft:cursed_spirit_grade_28":1,"minecraft:pillager":37,"jujutsucraft:cursed_spirit_grade_314":79,"jujutsucraft:crow":7,"jujutsucraft:cockroaches":3,"jujutsucraft:cursed_spirit_grade_18":1,"jujutsucraft:cursed_spirit_grade_17":3,"jujutsucraft:todo_aoi":1,"alexsmobs:rain_frog":2,"alexsmobs:roadrunner":3,"alexsmobs:fly":15,"minecraft:glow_squid":12,"jujutsucraft:cursed_spirit_grade_110":3,"jujutsucraft:kashimo_hajime":1,"jujutsucraft:cursed_spirit_grade_315":60,"jujutsucraft:cursed_spirit_grade_212":5,"jujutsucraft:takaba_fumihiko":2,"jujutsucraft:ice_spear":6,"jujutsucraft:cursed_spirit_grade_06":1,"jujutsucraft:sea_serpent_mini":4,"alexsmobs:jerboa":18,"jujutsucraft:transfigured_human_3":7,"jujutsucraft:cursed_spirit_grade_21":6,"jujutsucraft:nanako":9,"alexsmobs:tarantula_hawk":1,"jujutsucraft:charles_bernard":1,"jujutsucraft:cursed_spirit_grade_24":10,"jujutsucraft:energy_ball_white":2,"jujutsucraft:yoshino_junpei":1,"jujutsucraft:cursed_spirit_grade_318":28,"jujutsucraft:mahito":3,"jujutsucraft:cursed_spirit_grade_316":35,"jujutsucraft:cursed_spirit_grade_26":10,"alexsmobs:seagull":11,"jujutsucraft:cursed_spirit_grade_22":12,"jujutsucraft:kumiya_juzo":1,"jujutsucraft:transfigured_human_2":9,"jujutsucraft:wooden_spear_2":1,"naturalist:tortoise":6,"alexsmobs:rattlesnake":2,"jujutsucraft:cursed_spirit_grade_01":1,"jujutsucraft:miwa_kasumi":5,"jujutsucraft:cursed_spirit_grade_04":1,"jujutsucraft:cursed_spirit_grade_05":1,"jujutsucraft:fox_fire":9,"jujutsucraft:shigemo_haruta":6,"jujutsucraft:body_repel":17,"jujutsucraft:cursed_spirit_grade_312":18,"jujutsucraft:cursed_spirit_grade_313":15,"jujutsucraft:sea_serpent":32,"jujutsucraft:rabbit_escape":4,"alexsmobs:murmur_head":1,"jujutsucraft:rozetsu_shikigami":2,"jujutsucraft:cursed_spirit_grade_23":15,"alexsmobs:soul_vulture":1,"jujutsucraft:cursed_spirit_grade_08":3,"alexsmobs:underminer":1,"jujutsucraft:itadori_yuji_shibuya":1,"jujutsucraft:cursed_spirit_grade_317":89,"jujutsucraft:transfigured_human_1":10,"jujutsucraft:cursed_spirit_grade_27":5,"alexsmobs:flying_fish":1,"minecraft:ocelot":1,"jujutsucraft:dagon_2":1,"jujutsucraft:cursed_spirit_grade_210":2,"alexsmobs:guster":18,"jujutsucraft:kukuru":8,"jujutsucraft:ice_spear_2":2,"jujutsucraft:jujutsu_sorcerer":2,"naturalist:lizard_tail":1,"minecraft:rabbit":6,"minecraft:bat":46,"jujutsucraft:zenin_maki":1,"jujutsucraft:hakari_kinji":2,"jujutsucraft:curse_user":3,"jujutsucraft:mechamaru":1,"alexsmobs:rhinoceros":1,"jujutsucraft:yaga_masamichi":2,"minecraft:squid":3,"alexsmobs:emu":13,"jujutsucraft:entity_scissors":22,"alexsmobs:cockroach":15,"jujutsucraft:cursed_spirit_grade_14":4,"jujutsucraft:cursed_spirit_grade_311":32,"jujutsucraft:cursed_spirit_grade_310":27,"jujutsucraft:cursed_spirit_grade_13":1,"jujutsucraft:negi_toshihisa":3,"alexsmobs:gazelle":1,"jujutsucraft:cursed_spirit_grade_36":71,"naturalist:lizard":6,"jujutsucraft:cursed_spirit_grade_25":8,"jujutsucraft:hanami":1,"jujutsucraft:cursed_spirit_grade_319":22,"jujutsucraft:cursed_spirit_grade_02":1,"minecraft:villager":2,"jujutsucraft:kamo_noritoshi":2,"jujutsucraft:q":9,"jujutsucraft:gravestone_3":2,"jujutsucraft:ogami":1},"minecraft:crafted":{"minecraft:grindstone":1,"minecraft:oak_planks":556,"minecraft:smooth_stone":12,"minecraft:stone":18,"minecraft:bookshelf":16,"minecraft:iron_boots":6,"minecraft:chest":4,"minecraft:oak_slab":6,"minecraft:emerald":10,"minecraft:diamond_axe":1,"minecraft:crafting_table":4,"minecraft:wooden_pickaxe":1,"minecraft:baked_potato":10,"minecraft:iron_helmet":7,"minecraft:fletching_table":2,"minecraft:lectern":1,"minecraft:iron_chestplate":6,"minecraft:diamond_pickaxe":1,"minecraft:shield":2,"minecraft:stick":464,"minecraft:stone_slab":6,"minecraft:iron_ingot":207,"minecraft:iron_pickaxe":2,"minecraft:stone_sword":1,"minecraft:gold_ingot":233,"minecraft:golden_carrot":12,"minecraft:wooden_sword":1,"minecraft:cobbled_deepslate_slab":6,"minecraft:furnace":5,"minecraft:blast_furnace":4,"minecraft:iron_axe":2,"minecraft:stone_pickaxe":1,"minecraft:wheat":45,"minecraft:enchanting_table":2,"minecraft:iron_sword":1,"minecraft:bucket":2,"minecraft:stone_axe":1,"minecraft:bread":15,"minecraft:air":0,"minecraft:golden_apple":8,"minecraft:gold_nugget":99,"minecraft:raw_gold":216,"minecraft:wooden_axe":1,"minecraft:iron_shovel":1,"minecraft:iron_leggings":6,"minecraft:acacia_planks":28,"minecraft:torch":340},"minecraft:used":{"minecraft:moss_carpet":1,"minecraft:iron_shovel":70,"minecraft:bone_block":2,"minecraft:chest":6,"minecraft:shield":23,"minecraft:stone":2,"minecraft:iron_sword":21,"minecraft:iron_chestplate":3,"jujutsucraft:sukuna_finger":2,"jujutsucraft:clothes_fushiguro_toji_leggings":3,"minecraft:jungle_planks":1,"minecraft:milk_bucket":1,"jujutsucraft:clothes_zenin_boots":1,"minecraft:iron_helmet":4,"minecraft:raw_gold_block":1,"jujutsucraft:clothes_sukuna_fushiguro_chestplate":1,"jujutsucraft:uniform_q_chestplate":1,"minecraft:furnace":16,"minecraft:golden_boots":1,"minecraft:stone_pickaxe":131,"minecraft:oak_planks":18,"biomesoplenty:webbing":1,"minecraft:wooden_pickaxe":59,"minecraft:sandstone":16,"minecraft:diamond_axe":444,"minecraft:golden_apple":14,"minecraft:blast_furnace":6,"minecraft:lectern":8,"tombstone:grave_key":16,"minecraft:deepslate":12,"minecraft:gravel":46,"minecraft:wooden_sword":1,"jujutsucraft:uniform_normal_leggings":2,"minecraft:grindstone":1,"minecraft:andesite":1,"minecraft:cobweb":3,"minecraft:enchanting_table":1,"minecraft:torch":354,"minecraft:wooden_axe":35,"minecraft:bookshelf":15,"minecraft:iron_axe":217,"minecraft:iron_boots":2,"tombstone:gift":4,"minecraft:cobbled_deepslate":56,"minecraft:orange_terracotta":1,"minecraft:iron_leggings":3,"minecraft:water_bucket":5,"minecraft:cut_sandstone":2,"minecraft:fletching_table":2,"minecraft:green_bed":2,"minecraft:terracotta":1,"minecraft:oak_slab":4,"minecraft:crafting_table":23,"minecraft:white_bed":2,"jujutsucraft:uniform_normal_chestplate":1,"minecraft:flower_pot":2,"minecraft:diamond_pickaxe":481,"minecraft:iron_pickaxe":517,"jujutsucraft:dragon_bone":4,"jujutsucraft:naginata":24,"minecraft:stone_axe":19,"minecraft:cobblestone":113,"minecraft:cobbled_deepslate_slab":5,"minecraft:bucket":5,"alexsmobs:animal_dictionary":1},"minecraft:picked_up":{"minecraft:wheat":2,"minecraft:red_sandstone_stairs":1,"minecraft:flower_pot":4,"jujutsucraft:uniform_normal_boots":1,"minecraft:golden_shovel":1,"minecraft:string":7,"minecraft:raw_copper":3,"minecraft:iron_leggings":1,"alexsmobs:banana":4,"minecraft:cobbled_deepslate":108,"minecraft:iron_boots":1,"minecraft:furnace":15,"minecraft:stick":58,"minecraft:green_bed":2,"minecraft:torch":15,"minecraft:acacia_log":7,"jujutsucraft:sword_okkotsu_yuta":1,"minecraft:vine":4,"alexsmobs:centipede_leg":2,"minecraft:cactus":9,"jujutsucraft:naginata":1,"minecraft:rotten_flesh":6,"minecraft:tropical_fish":1,"biomesoplenty:palm_log":34,"minecraft:obsidian":8,"minecraft:cobblestone":228,"minecraft:feather":2,"minecraft:jungle_log":335,"minecraft:andesite":2,"minecraft:flint":4,"minecraft:tuff":12,"alexsmobs:cooked_kangaroo_meat":2,"minecraft:lapis_lazuli":448,"jujutsucraft:pendant_todo_aoi":1,"minecraft:bone":6,"minecraft:wheat_seeds":8,"biomesoplenty:webbing":3,"minecraft:raw_gold":69,"minecraft:cobbled_deepslate_slab":2,"minecraft:rabbit":7,"minecraft:oak_planks":1,"minecraft:jungle_planks":1,"minecraft:sand":43,"jujutsucraft:uniform_normal_chestplate":1,"minecraft:ink_sac":4,"jujutsucraft:harisen":1,"minecraft:chiseled_sandstone":5,"minecraft:mossy_cobblestone":1,"alexsmobs:kangaroo_hide":4,"minecraft:deepslate":87,"minecraft:diamond":84,"minecraft:crossbow":1,"jujutsucraft:uniform_q_chestplate":3,"minecraft:grass":1,"minecraft:golden_apple":2,"minecraft:bread":13,"alexsmobs:maggot":17,"minecraft:oak_sapling":66,"minecraft:crafting_table":20,"minecraft:moss_carpet":1,"minecraft:flint_and_steel":4,"minecraft:poppy":6,"minecraft:jungle_sapling":15,"minecraft:lectern":7,"minecraft:chest":2,"minecraft:sugar_cane":5,"minecraft:raw_iron":485,"minecraft:sandstone":95,"jujutsucraft:sickle":2,"biomesoplenty:stringy_cobweb":1,"minecraft:stone":25,"minecraft:raw_gold_block":27,"minecraft:carrot":21,"minecraft:stone_pressure_plate":2,"jujutsucraft:clothes_fushiguro_toji_leggings":1,"minecraft:hay_block":5,"jujutsucraft:clothes_ishigori_leggings":1,"minecraft:glow_berries":1,"minecraft:bone_block":3,"alexsmobs:kangaroo_meat":3,"biomesoplenty:orange_sand":1,"minecraft:golden_carrot":12,"jujutsucraft:uniform_gojo_boots":1,"minecraft:glow_ink_sac":21,"minecraft:cut_sandstone":22,"jujutsucraft:item_master_domain_expansion":1,"jujutsucraft:sukuna_finger":2,"minecraft:oak_log":212,"minecraft:yellow_glazed_terracotta":10,"biomesoplenty:dune_grass":1,"minecraft:golden_boots":1,"jujutsucraft:uniform_normal_leggings":1,"minecraft:orange_terracotta":2,"minecraft:apple":8,"alexsmobs:cockroach_wing_fragment":6,"minecraft:rabbit_hide":3,"minecraft:iron_ingot":35,"minecraft:acacia_sapling":1,"minecraft:book":90,"jujutsucraft:dragon_bone":2,"minecraft:oak_slab":4,"minecraft:gravel":84,"minecraft:blast_furnace":2,"minecraft:white_bed":2,"minecraft:terracotta":1,"tombstone:magic_scroll":1,"minecraft:coal":602},"minecraft:killed_by":{"jujutsucraft:cursed_spirit_grade_24":1,"jujutsucraft:awasaka_jiro":2,"jujutsucraft:todo_aoi":1,"jujutsucraft:cursed_spirit_grade_05":4,"jujutsucraft:cursed_spirit_grade_03":9,"jujutsucraft:cursed_spirit_grade_22":14,"jujutsucraft:cursed_spirit_grade_26":2,"jujutsucraft:cursed_spirit_grade_08":1,"jujutsucraft:fushiguro_toji":1,"jujutsucraft:sukuna":17,"jujutsucraft:cursed_spirit_grade_04":2,"jujutsucraft:cursed_spirit_grade_23":1,"jujutsucraft:ishigori_ryu":2,"jujutsucraft:cursed_spirit_grade_18":1,"jujutsucraft:cursed_spirit_grade_21":1,"jujutsucraft:eight_handled_swrod_divergent_sila_divine_general_mahoraga":5,"jujutsucraft:cursed_spirit_grade_16":5,"jujutsucraft:cursed_spirit_grade_312":1,"jujutsucraft:kenjaku":2,"jujutsucraft:mahito":2,"jujutsucraft:cursed_spirit_grade_11":1,"jujutsucraft:cursed_spirit_grade_12":1,"jujutsucraft:kashimo_hajime":23,"jujutsucraft:hanami":2,"jujutsucraft:cursed_spirit_grade_315":1,"jujutsucraft:fushiguro_toji_bug":2,"jujutsucraft:gojo_satoru":3,"jujutsucraft:okkotsu_yuta":1,"jujutsucraft:sukuna_fushiguro":7,"jujutsucraft:zenin_jinichi":1,"jujutsucraft:zenin_chojuro":5,"jujutsucraft:jogo":15},"minecraft:dropped":{"minecraft:iron_sword":1,"minecraft:glow_ink_sac":21,"minecraft:baked_potato":10,"alexsmobs:kangaroo_meat":1,"minecraft:crossbow":1,"minecraft:glow_berries":1,"jujutsucraft:sickle":2,"minecraft:grass":1,"minecraft:cut_sandstone":10,"minecraft:bone_block":1,"minecraft:wooden_sword":1,"minecraft:jungle_sapling":15,"minecraft:gold_nugget":7,"minecraft:sand":52,"minecraft:iron_pickaxe":1,"jujutsucraft:pendant_todo_aoi":1,"minecraft:bone":10,"minecraft:gravel":38,"alexsmobs:centipede_leg":2,"minecraft:stone_axe":1,"jujutsucraft:uniform_gojo_boots":1,"minecraft:sugar_cane":5,"minecraft:iron_nugget":8,"jujutsucraft:clothes_ishigori_leggings":1,"alexsmobs:animal_dictionary":1,"minecraft:cobbled_deepslate":8,"minecraft:wheat":3,"jujutsucraft:clothes_sukuna_fushiguro_chestplate":1,"tombstone:gift":2,"minecraft:rotten_flesh":6,"minecraft:golden_shovel":1,"alexsmobs:kangaroo_hide":4,"minecraft:poppy":6,"jujutsucraft:clothes_fushiguro_toji_leggings":2,"minecraft:acacia_sapling":1,"jujutsucraft:harisen":1,"minecraft:oak_slab":2,"minecraft:vine":6,"minecraft:wheat_seeds":8,"minecraft:mossy_cobblestone":3,"minecraft:feather":2,"minecraft:tropical_fish":1,"minecraft:stick":1,"biomesoplenty:orange_sand":1,"minecraft:milk_bucket":1,"minecraft:golden_carrot":12,"minecraft:ink_sac":4,"minecraft:torch":1,"jujutsucraft:uniform_q_chestplate":3,"minecraft:wooden_axe":1,"minecraft:rabbit":7,"tombstone:grave_dust":1,"minecraft:iron_leggings":1,"minecraft:iron_axe":1,"minecraft:cactus":11,"jujutsucraft:dragon_bone":2,"minecraft:string":1,"minecraft:chiseled_sandstone":5,"alexsmobs:maggot":16,"jujutsucraft:uniform_normal_leggings":2,"minecraft:stone_sword":1,"minecraft:raw_copper":3,"minecraft:deepslate":13,"minecraft:tuff":12,"biomesoplenty:dune_grass":1,"minecraft:iron_boots":1,"minecraft:cobbled_deepslate_slab":3,"jujutsucraft:uniform_normal_chestplate":2,"minecraft:flint_and_steel":3,"minecraft:stone":41,"minecraft:flower_pot":2,"alexsmobs:cockroach_wing_fragment":6,"minecraft:andesite":1,"minecraft:oak_sapling":63,"minecraft:stone_pressure_plate":1,"jujutsucraft:clothes_zenin_boots":1,"minecraft:sandstone":128,"jujutsucraft:uniform_normal_boots":2,"biomesoplenty:stringy_cobweb":1,"minecraft:red_sandstone_stairs":1,"biomesoplenty:webbing":2},"minecraft:custom":{"minecraft:interact_with_crafting_table":69,"minecraft:open_barrel":10,"minecraft:leave_game":20,"minecraft:time_since_death":1891,"minecraft:damage_resisted":209874,"minecraft:sprint_one_cm":4804978,"minecraft:damage_blocked_by_shield":428,"minecraft:drop":175,"minecraft:talked_to_villager":22,"minecraft:play_time":871162,"minecraft:deaths":139,"minecraft:jump":17280,"minecraft:walk_on_water_one_cm":198259,"minecraft:enchant_item":10,"minecraft:interact_with_furnace":120,"minecraft:traded_with_villager":10,"minecraft:sleep_in_bed":5,"minecraft:damage_dealt":1184,"minecraft:player_kills":11,"minecraft:crouch_one_cm":3867,"tombstone:undead_killed":3,"tombstone:villager_killed":2,"minecraft:inspect_dispenser":2,"minecraft:mob_kills":1707,"minecraft:damage_dealt_resisted":832256,"minecraft:climb_one_cm":11005,"minecraft:walk_one_cm":2763100,"minecraft:damage_dealt_absorbed":458,"minecraft:sneak_time":2153,"minecraft:walk_under_water_one_cm":85546,"minecraft:interact_with_blast_furnace":41,"minecraft:total_world_time":871162,"tombstone:raider_killed":37,"minecraft:interact_with_grindstone":6,"minecraft:time_since_rest":1603,"minecraft:damage_taken":92414,"minecraft:damage_absorbed":1739,"tombstone:cast_on_ally":0,"minecraft:swim_one_cm":183600,"minecraft:fly_one_cm":10425028,"minecraft:open_chest":118,"minecraft:fall_one_cm":986511},"minecraft:mined":{"minecraft:stone_pressure_plate":2,"minecraft:white_bed":2,"minecraft:obsidian":8,"minecraft:acacia_log":8,"minecraft:jungle_log":337,"minecraft:spawner":4,"biomesoplenty:palm_log":36,"minecraft:cobbled_deepslate":7,"minecraft:iron_ore":207,"minecraft:fire":1,"minecraft:deepslate_lapis_ore":25,"biomesoplenty:webbing":2,"minecraft:green_bed":2,"minecraft:cut_sandstone":21,"minecraft:orange_terracotta":2,"minecraft:torch":1,"minecraft:blast_furnace":2,"minecraft:chest":2,"minecraft:dead_bush":5,"minecraft:cobblestone":12,"minecraft:oak_planks":1,"minecraft:wall_torch":8,"minecraft:wheat":1,"minecraft:yellow_glazed_terracotta":10,"minecraft:grass":15,"minecraft:oak_log":221,"minecraft:oak_leaves":5,"minecraft:deepslate":108,"minecraft:tuff":6,"minecraft:deepslate_diamond_ore":52,"biomesoplenty:desert_grass":7,"biomesoplenty:bush":1,"minecraft:spruce_fence":1,"minecraft:jungle_planks":1,"minecraft:red_sandstone_stairs":3,"biomesoplenty:dead_grass":1,"minecraft:sandstone":27,"biomesoplenty:dune_grass":2,"minecraft:large_fern":1,"minecraft:hay_block":5,"minecraft:furnace":15,"minecraft:carrots":6,"minecraft:raw_gold_block":27,"minecraft:chiseled_sandstone":5,"minecraft:andesite":1,"minecraft:gold_block":1,"minecraft:bookshelf":33,"minecraft:deepslate_iron_ore":40,"minecraft:vine":16,"minecraft:stone":219,"minecraft:bone_block":3,"minecraft:oak_slab":2,"minecraft:crafting_table":20,"minecraft:sculk_sensor":1,"minecraft:lectern":7,"minecraft:tall_grass":2,"minecraft:lapis_ore":11,"biomesoplenty:sprout":2,"minecraft:deepslate_gold_ore":27,"minecraft:sculk":3,"minecraft:coal_ore":334,"minecraft:flower_pot":2,"minecraft:gravel":74,"biomesoplenty:stringy_cobweb":1,"minecraft:cobweb":6,"jujutsucraft:cursed_block":1,"minecraft:fern":2}},"DataVersion":3465}