{"stats":{"minecraft:broken":{"minecraft:golden_boots":1,"minecraft:iron_boots":5,"minecraft:iron_chestplate":5,"minecraft:iron_leggings":5,"minecraft:stone_pickaxe":1,"minecraft:wooden_pickaxe":1,"minecraft:shield":1,"minecraft:iron_pickaxe":1,"minecraft:iron_helmet":6},"minecraft:dropped":{"minecraft:iron_sword":1,"minecraft:glow_ink_sac":21,"minecraft:baked_potato":10,"alexsmobs:kangaroo_meat":1,"minecraft:crossbow":1,"minecraft:glow_berries":1,"jujutsucraft:sickle":2,"minecraft:grass":1,"minecraft:cut_sandstone":10,"minecraft:wooden_sword":1,"minecraft:gold_nugget":7,"minecraft:bone_block":1,"minecraft:sand":52,"minecraft:iron_pickaxe":1,"minecraft:bone":10,"minecraft:gravel":38,"alexsmobs:centipede_leg":2,"minecraft:stone_axe":1,"jujutsucraft:uniform_gojo_boots":1,"minecraft:sugar_cane":5,"minecraft:iron_nugget":8,"jujutsucraft:clothes_ishigori_leggings":1,"alexsmobs:animal_dictionary":1,"minecraft:cobbled_deepslate":8,"minecraft:wheat":3,"jujutsucraft:clothes_sukuna_fushiguro_chestplate":1,"tombstone:gift":2,"minecraft:rotten_flesh":6,"minecraft:golden_shovel":1,"alexsmobs:kangaroo_hide":4,"minecraft:poppy":6,"jujutsucraft:clothes_fushiguro_toji_leggings":2,"minecraft:acacia_sapling":1,"jujutsucraft:harisen":1,"minecraft:oak_slab":2,"minecraft:vine":6,"minecraft:wheat_seeds":6,"minecraft:mossy_cobblestone":3,"minecraft:feather":1,"minecraft:stick":1,"biomesoplenty:orange_sand":1,"minecraft:milk_bucket":1,"minecraft:golden_carrot":12,"minecraft:torch":1,"jujutsucraft:uniform_q_chestplate":3,"minecraft:wooden_axe":1,"minecraft:rabbit":7,"tombstone:grave_dust":1,"minecraft:iron_leggings":1,"minecraft:iron_axe":1,"minecraft:cactus":11,"minecraft:string":1,"jujutsucraft:dragon_bone":2,"minecraft:chiseled_sandstone":5,"alexsmobs:maggot":16,"jujutsucraft:uniform_normal_leggings":2,"minecraft:stone_sword":1,"minecraft:raw_copper":3,"minecraft:deepslate":12,"minecraft:tuff":7,"biomesoplenty:dune_grass":1,"minecraft:iron_boots":1,"minecraft:cobbled_deepslate_slab":3,"jujutsucraft:uniform_normal_chestplate":2,"minecraft:flint_and_steel":3,"minecraft:stone":41,"minecraft:flower_pot":2,"alexsmobs:cockroach_wing_fragment":6,"minecraft:andesite":1,"minecraft:oak_sapling":29,"minecraft:stone_pressure_plate":1,"jujutsucraft:clothes_zenin_boots":1,"minecraft:sandstone":128,"jujutsucraft:uniform_normal_boots":2,"biomesoplenty:stringy_cobweb":1,"minecraft:red_sandstone_stairs":1,"biomesoplenty:webbing":2},"minecraft:killed":{"jujutsucraft:cursed_spirit_grade_32":45,"jujutsucraft:cursed_spirit_grade_33":122,"jujutsucraft:inumaki_toge":1,"jujutsucraft:cursed_spirit_grade_31":11,"alexsmobs:lobster":5,"jujutsucraft:ishigori_ryu":2,"jujutsucraft:cursed_spirit_grade_11":3,"jujutsucraft:zenin_naoya":3,"jujutsucraft:cursed_spirit_grade_12":3,"jujutsucraft:fushiguro_megumi_shibuya":1,"jujutsucraft:cursed_spirit_grade_37":3,"jujutsucraft:cursed_spirit_grade_35":7,"alexsmobs:murmur":1,"jujutsucraft:cursed_spirit_grade_39":89,"jujutsucraft:fushiguro_toji_bug":1,"minecraft:fox":1,"jujutsucraft:cursed_spirit_grade_15":1,"jujutsucraft:cursed_spirit_grade_19":1,"jujutsucraft:cursed_spirit_grade_16":6,"jujutsucraft:panda_normal":4,"jujutsucraft:fist":9,"alexsmobs:centipede_head":1,"alexsmobs:hammerhead_shark":1,"jujutsucraft:zenin_ogi":1,"jujutsucraft:cursed_spirit_grade_38":20,"jujutsucraft:cursed_spirit_grade_34":72,"minecraft:camel":1,"jujutsucraft:nanami_kento":2,"alexsmobs:kangaroo":5,"jujutsucraft:mei_mei":1,"alexsmobs:triops":6,"jujutsucraft:kusakabe_yatsuya":1,"jujutsucraft:zenin_chojuro":1,"jujutsucraft:truck":2,"naturalist:firefly":3,"jujutsucraft:awasaka_jiro":4,"alexsmobs:seal":16,"jujutsucraft:zenin_jinichi":3,"minecraft:iron_golem":6,"jujutsucraft:bathynomus_giganteus":2,"jujutsucraft:curse_user_1":5,"jujutsucraft:cursed_spirit_grade_07":1,"jujutsucraft:itadori_yuji":3,"naturalist:rhino":1,"jujutsucraft:polymorphic_soul_isomer":3,"jujutsucraft:jogo":1,"jujutsucraft:cursed_spirit_grade_29":6,"jujutsucraft:cursed_spirit_grade_28":1,"minecraft:pillager":37,"jujutsucraft:cursed_spirit_grade_314":48,"jujutsucraft:cockroaches":3,"jujutsucraft:crow":7,"jujutsucraft:cursed_spirit_grade_18":1,"jujutsucraft:cursed_spirit_grade_17":1,"alexsmobs:rain_frog":2,"alexsmobs:roadrunner":3,"alexsmobs:fly":15,"minecraft:glow_squid":7,"jujutsucraft:cursed_spirit_grade_212":1,"jujutsucraft:kashimo_hajime":1,"jujutsucraft:cursed_spirit_grade_315":37,"jujutsucraft:takaba_fumihiko":2,"jujutsucraft:ice_spear":6,"alexsmobs:jerboa":7,"jujutsucraft:transfigured_human_3":5,"jujutsucraft:cursed_spirit_grade_21":5,"jujutsucraft:nanako":5,"alexsmobs:tarantula_hawk":1,"jujutsucraft:cursed_spirit_grade_24":4,"jujutsucraft:energy_ball_white":2,"jujutsucraft:cursed_spirit_grade_318":23,"jujutsucraft:mahito":3,"jujutsucraft:cursed_spirit_grade_316":20,"jujutsucraft:cursed_spirit_grade_26":7,"alexsmobs:seagull":9,"jujutsucraft:cursed_spirit_grade_22":10,"jujutsucraft:kumiya_juzo":1,"jujutsucraft:transfigured_human_2":6,"jujutsucraft:wooden_spear_2":1,"alexsmobs:rattlesnake":2,"naturalist:tortoise":4,"jujutsucraft:cursed_spirit_grade_01":1,"jujutsucraft:miwa_kasumi":4,"jujutsucraft:cursed_spirit_grade_04":1,"jujutsucraft:fox_fire":9,"jujutsucraft:shigemo_haruta":2,"jujutsucraft:body_repel":17,"jujutsucraft:cursed_spirit_grade_312":10,"jujutsucraft:cursed_spirit_grade_313":10,"jujutsucraft:sea_serpent":1,"alexsmobs:murmur_head":1,"jujutsucraft:rozetsu_shikigami":1,"jujutsucraft:cursed_spirit_grade_23":10,"alexsmobs:soul_vulture":1,"jujutsucraft:cursed_spirit_grade_08":3,"alexsmobs:underminer":1,"jujutsucraft:itadori_yuji_shibuya":1,"jujutsucraft:cursed_spirit_grade_317":62,"jujutsucraft:transfigured_human_1":9,"jujutsucraft:cursed_spirit_grade_27":2,"jujutsucraft:dagon_2":1,"jujutsucraft:cursed_spirit_grade_210":1,"alexsmobs:guster":18,"jujutsucraft:kukuru":1,"jujutsucraft:ice_spear_2":2,"naturalist:lizard_tail":1,"minecraft:rabbit":6,"minecraft:bat":21,"jujutsucraft:zenin_maki":1,"jujutsucraft:hakari_kinji":2,"jujutsucraft:curse_user":2,"alexsmobs:rhinoceros":1,"jujutsucraft:yaga_masamichi":2,"minecraft:squid":1,"alexsmobs:emu":13,"jujutsucraft:entity_scissors":22,"alexsmobs:cockroach":10,"jujutsucraft:cursed_spirit_grade_14":3,"jujutsucraft:cursed_spirit_grade_311":20,"jujutsucraft:cursed_spirit_grade_310":20,"jujutsucraft:negi_toshihisa":2,"alexsmobs:gazelle":1,"jujutsucraft:cursed_spirit_grade_36":47,"naturalist:lizard":6,"jujutsucraft:cursed_spirit_grade_25":5,"jujutsucraft:hanami":1,"jujutsucraft:cursed_spirit_grade_319":12,"minecraft:villager":2,"jujutsucraft:kamo_noritoshi":2,"jujutsucraft:q":4},"minecraft:custom":{"minecraft:interact_with_crafting_table":65,"minecraft:open_barrel":10,"minecraft:leave_game":17,"minecraft:time_since_death":51185,"minecraft:damage_resisted":181080,"minecraft:sprint_one_cm":4041835,"minecraft:damage_blocked_by_shield":428,"minecraft:drop":162,"minecraft:talked_to_villager":22,"minecraft:play_time":755266,"minecraft:deaths":126,"minecraft:jump":14397,"minecraft:walk_on_water_one_cm":159774,"minecraft:enchant_item":10,"minecraft:interact_with_furnace":120,"minecraft:traded_with_villager":10,"minecraft:sleep_in_bed":5,"minecraft:damage_dealt":845,"minecraft:player_kills":9,"minecraft:crouch_one_cm":2973,"tombstone:undead_killed":3,"tombstone:villager_killed":2,"minecraft:inspect_dispenser":2,"minecraft:mob_kills":1193,"minecraft:damage_dealt_resisted":635553,"minecraft:climb_one_cm":10191,"minecraft:walk_one_cm":2347328,"minecraft:damage_dealt_absorbed":458,"minecraft:sneak_time":1796,"minecraft:walk_under_water_one_cm":64473,"minecraft:interact_with_blast_furnace":41,"minecraft:total_world_time":755266,"tombstone:raider_killed":37,"minecraft:interact_with_grindstone":6,"minecraft:time_since_rest":50883,"minecraft:damage_taken":81810,"minecraft:damage_absorbed":1700,"tombstone:cast_on_ally":0,"minecraft:swim_one_cm":113167,"minecraft:fly_one_cm":8972907,"minecraft:open_chest":115,"minecraft:fall_one_cm":751257},"minecraft:crafted":{"minecraft:grindstone":1,"minecraft:oak_planks":556,"minecraft:smooth_stone":12,"minecraft:stone":18,"minecraft:bookshelf":16,"minecraft:iron_boots":6,"minecraft:chest":4,"minecraft:oak_slab":6,"minecraft:emerald":10,"minecraft:diamond_axe":1,"minecraft:crafting_table":4,"minecraft:wooden_pickaxe":1,"minecraft:baked_potato":10,"minecraft:iron_helmet":7,"minecraft:fletching_table":2,"minecraft:lectern":1,"minecraft:iron_chestplate":6,"minecraft:diamond_pickaxe":1,"minecraft:shield":2,"minecraft:stick":464,"minecraft:stone_slab":6,"minecraft:iron_pickaxe":2,"minecraft:iron_ingot":207,"minecraft:stone_sword":1,"minecraft:gold_ingot":233,"minecraft:golden_carrot":12,"minecraft:wooden_sword":1,"minecraft:cobbled_deepslate_slab":6,"minecraft:furnace":5,"minecraft:blast_furnace":4,"minecraft:iron_axe":2,"minecraft:stone_pickaxe":1,"minecraft:wheat":45,"minecraft:enchanting_table":2,"minecraft:iron_sword":1,"minecraft:bucket":1,"minecraft:stone_axe":1,"minecraft:bread":15,"minecraft:air":0,"minecraft:golden_apple":5,"minecraft:gold_nugget":99,"minecraft:raw_gold":216,"minecraft:wooden_axe":1,"minecraft:iron_shovel":1,"minecraft:iron_leggings":6,"minecraft:acacia_planks":28,"minecraft:torch":248},"minecraft:killed_by":{"jujutsucraft:cursed_spirit_grade_24":1,"jujutsucraft:awasaka_jiro":2,"jujutsucraft:todo_aoi":1,"jujutsucraft:cursed_spirit_grade_05":2,"jujutsucraft:cursed_spirit_grade_03":9,"jujutsucraft:cursed_spirit_grade_22":13,"jujutsucraft:cursed_spirit_grade_26":2,"jujutsucraft:cursed_spirit_grade_08":1,"jujutsucraft:fushiguro_toji":1,"jujutsucraft:sukuna":16,"jujutsucraft:cursed_spirit_grade_04":2,"jujutsucraft:cursed_spirit_grade_23":1,"jujutsucraft:ishigori_ryu":2,"jujutsucraft:cursed_spirit_grade_21":1,"jujutsucraft:cursed_spirit_grade_16":5,"jujutsucraft:cursed_spirit_grade_312":1,"jujutsucraft:kenjaku":2,"jujutsucraft:cursed_spirit_grade_11":1,"jujutsucraft:cursed_spirit_grade_12":1,"jujutsucraft:kashimo_hajime":23,"jujutsucraft:hanami":2,"jujutsucraft:cursed_spirit_grade_315":1,"jujutsucraft:fushiguro_toji_bug":2,"jujutsucraft:gojo_satoru":3,"jujutsucraft:okkotsu_yuta":1,"jujutsucraft:sukuna_fushiguro":7,"jujutsucraft:zenin_jinichi":1,"jujutsucraft:zenin_chojuro":5,"jujutsucraft:jogo":14},"minecraft:picked_up":{"minecraft:wheat":2,"minecraft:flower_pot":4,"minecraft:red_sandstone_stairs":1,"jujutsucraft:uniform_normal_boots":1,"minecraft:golden_shovel":1,"minecraft:string":7,"minecraft:raw_copper":3,"minecraft:iron_leggings":1,"minecraft:cobbled_deepslate":71,"minecraft:iron_boots":1,"minecraft:furnace":15,"minecraft:stick":36,"minecraft:torch":11,"minecraft:acacia_log":7,"minecraft:green_bed":2,"jujutsucraft:sword_okkotsu_yuta":1,"minecraft:vine":4,"alexsmobs:centipede_leg":2,"minecraft:cactus":9,"jujutsucraft:naginata":1,"minecraft:rotten_flesh":6,"biomesoplenty:palm_log":34,"minecraft:obsidian":8,"minecraft:cobblestone":201,"minecraft:feather":1,"minecraft:andesite":2,"minecraft:flint":4,"minecraft:tuff":7,"alexsmobs:cooked_kangaroo_meat":2,"minecraft:lapis_lazuli":274,"minecraft:bone":6,"minecraft:wheat_seeds":6,"minecraft:raw_gold":69,"biomesoplenty:webbing":3,"minecraft:cobbled_deepslate_slab":2,"minecraft:rabbit":7,"minecraft:oak_planks":1,"minecraft:sand":43,"minecraft:jungle_planks":1,"jujutsucraft:uniform_normal_chestplate":1,"jujutsucraft:harisen":1,"minecraft:chiseled_sandstone":5,"minecraft:mossy_cobblestone":1,"alexsmobs:kangaroo_hide":4,"minecraft:diamond":55,"minecraft:deepslate":86,"minecraft:crossbow":1,"jujutsucraft:uniform_q_chestplate":3,"minecraft:grass":1,"minecraft:golden_apple":2,"minecraft:bread":13,"alexsmobs:maggot":17,"minecraft:oak_sapling":32,"minecraft:crafting_table":18,"minecraft:moss_carpet":1,"minecraft:flint_and_steel":4,"minecraft:poppy":6,"minecraft:lectern":7,"minecraft:sugar_cane":5,"minecraft:chest":2,"minecraft:raw_iron":378,"minecraft:sandstone":95,"biomesoplenty:stringy_cobweb":1,"minecraft:stone":25,"jujutsucraft:sickle":2,"minecraft:raw_gold_block":27,"minecraft:carrot":21,"minecraft:stone_pressure_plate":2,"jujutsucraft:clothes_fushiguro_toji_leggings":1,"minecraft:hay_block":5,"jujutsucraft:clothes_ishigori_leggings":1,"minecraft:glow_berries":1,"alexsmobs:kangaroo_meat":3,"biomesoplenty:orange_sand":1,"minecraft:bone_block":3,"jujutsucraft:uniform_gojo_boots":1,"minecraft:golden_carrot":12,"minecraft:glow_ink_sac":21,"minecraft:cut_sandstone":22,"jujutsucraft:item_master_domain_expansion":1,"jujutsucraft:sukuna_finger":2,"minecraft:oak_log":140,"minecraft:yellow_glazed_terracotta":10,"biomesoplenty:dune_grass":1,"minecraft:golden_boots":1,"jujutsucraft:uniform_normal_leggings":1,"minecraft:orange_terracotta":2,"minecraft:apple":5,"alexsmobs:cockroach_wing_fragment":6,"minecraft:rabbit_hide":3,"minecraft:iron_ingot":35,"minecraft:acacia_sapling":1,"minecraft:book":90,"jujutsucraft:dragon_bone":2,"minecraft:oak_slab":4,"minecraft:gravel":84,"minecraft:blast_furnace":2,"minecraft:white_bed":2,"minecraft:terracotta":1,"tombstone:magic_scroll":1,"minecraft:coal":570},"minecraft:mined":{"minecraft:stone_pressure_plate":2,"minecraft:white_bed":2,"minecraft:obsidian":8,"minecraft:acacia_log":8,"minecraft:spawner":4,"biomesoplenty:palm_log":36,"minecraft:iron_ore":175,"minecraft:cobbled_deepslate":4,"minecraft:fire":1,"minecraft:deepslate_lapis_ore":19,"biomesoplenty:webbing":2,"minecraft:green_bed":2,"minecraft:cut_sandstone":21,"minecraft:orange_terracotta":2,"minecraft:torch":1,"minecraft:blast_furnace":2,"minecraft:chest":2,"minecraft:dead_bush":5,"minecraft:cobblestone":12,"minecraft:oak_planks":1,"minecraft:wall_torch":7,"minecraft:yellow_glazed_terracotta":10,"minecraft:grass":12,"minecraft:oak_log":142,"minecraft:oak_leaves":5,"minecraft:deepslate":70,"minecraft:tuff":1,"minecraft:deepslate_diamond_ore":35,"biomesoplenty:desert_grass":7,"biomesoplenty:bush":1,"minecraft:spruce_fence":1,"minecraft:jungle_planks":1,"minecraft:red_sandstone_stairs":3,"biomesoplenty:dead_grass":1,"minecraft:sandstone":27,"biomesoplenty:dune_grass":2,"minecraft:hay_block":5,"minecraft:furnace":15,"minecraft:carrots":6,"minecraft:raw_gold_block":27,"minecraft:chiseled_sandstone":5,"minecraft:andesite":1,"minecraft:gold_block":1,"minecraft:bookshelf":33,"minecraft:deepslate_iron_ore":24,"minecraft:stone":192,"minecraft:bone_block":3,"minecraft:oak_slab":2,"minecraft:crafting_table":18,"minecraft:lectern":7,"minecraft:tall_grass":2,"minecraft:deepslate_gold_ore":27,"biomesoplenty:sprout":2,"minecraft:lapis_ore":7,"minecraft:sculk":3,"minecraft:coal_ore":317,"minecraft:flower_pot":2,"minecraft:gravel":74,"biomesoplenty:stringy_cobweb":1,"minecraft:cobweb":6,"jujutsucraft:cursed_block":1},"minecraft:used":{"minecraft:moss_carpet":1,"minecraft:iron_shovel":70,"minecraft:bone_block":2,"minecraft:chest":6,"minecraft:shield":23,"minecraft:stone":2,"minecraft:iron_sword":21,"minecraft:iron_chestplate":3,"jujutsucraft:sukuna_finger":2,"jujutsucraft:clothes_fushiguro_toji_leggings":3,"minecraft:jungle_planks":1,"jujutsucraft:clothes_zenin_boots":1,"minecraft:iron_helmet":4,"minecraft:raw_gold_block":1,"jujutsucraft:clothes_sukuna_fushiguro_chestplate":1,"jujutsucraft:uniform_q_chestplate":1,"minecraft:furnace":16,"minecraft:golden_boots":1,"minecraft:stone_pickaxe":131,"minecraft:oak_planks":18,"biomesoplenty:webbing":1,"minecraft:wooden_pickaxe":59,"minecraft:sandstone":16,"minecraft:diamond_axe":2,"minecraft:golden_apple":12,"minecraft:blast_furnace":6,"minecraft:lectern":8,"tombstone:grave_key":15,"minecraft:deepslate":12,"minecraft:gravel":46,"minecraft:wooden_sword":1,"jujutsucraft:uniform_normal_leggings":2,"minecraft:grindstone":1,"minecraft:andesite":1,"minecraft:cobweb":3,"minecraft:enchanting_table":1,"minecraft:torch":241,"minecraft:wooden_axe":35,"minecraft:bookshelf":15,"minecraft:iron_axe":217,"minecraft:iron_boots":2,"tombstone:gift":4,"minecraft:cobbled_deepslate":32,"minecraft:orange_terracotta":1,"minecraft:iron_leggings":3,"minecraft:water_bucket":5,"minecraft:cut_sandstone":2,"minecraft:fletching_table":2,"minecraft:green_bed":2,"minecraft:terracotta":1,"minecraft:oak_slab":4,"minecraft:crafting_table":21,"minecraft:white_bed":2,"jujutsucraft:uniform_normal_chestplate":1,"minecraft:flower_pot":2,"minecraft:diamond_pickaxe":316,"minecraft:iron_pickaxe":517,"jujutsucraft:dragon_bone":4,"jujutsucraft:naginata":16,"minecraft:stone_axe":19,"minecraft:cobblestone":113,"minecraft:cobbled_deepslate_slab":5,"minecraft:bucket":5,"alexsmobs:animal_dictionary":1}},"DataVersion":3465}