{"stats":{"minecraft:custom":{"minecraft:interact_with_furnace":1,"minecraft:time_since_rest":21235,"minecraft:sprint_one_cm":70926,"minecraft:damage_taken":1299,"minecraft:walk_one_cm":50068,"minecraft:mob_kills":5,"minecraft:drop":12,"minecraft:damage_dealt":6,"minecraft:swim_one_cm":9100,"minecraft:interact_with_crafting_table":2,"minecraft:fly_one_cm":55723,"minecraft:play_time":39049,"minecraft:deaths":2,"minecraft:sneak_time":18,"minecraft:walk_under_water_one_cm":7507,"minecraft:jump":317,"minecraft:damage_dealt_resisted":539,"minecraft:walk_on_water_one_cm":5916,"minecraft:time_since_death":31613,"minecraft:sleep_in_bed":1,"minecraft:climb_one_cm":1972,"minecraft:total_world_time":39049,"minecraft:fall_one_cm":5439},"minecraft:crafted":{"minecraft:wooden_sword":1,"minecraft:oak_planks":156,"minecraft:crafting_table":1,"minecraft:stick":12,"minecraft:wooden_pickaxe":1,"minecraft:stone_pickaxe":1,"minecraft:wooden_axe":1,"minecraft:stone_sword":1,"minecraft:stone_axe":1},"minecraft:picked_up":{"minecraft:book":18,"minecraft:raw_iron":10,"minecraft:stick":15,"minecraft:crafting_table":2,"minecraft:oak_log":39,"minecraft:vine":2,"minecraft:carrot":21,"minecraft:apple":3,"minecraft:wheat_seeds":2,"minecraft:iron_ingot":4,"minecraft:poppy":2,"alexsmobs:maggot":1,"minecraft:oak_sapling":11,"minecraft:coal":28,"minecraft:cobblestone":64,"minecraft:furnace":1},"minecraft:dropped":{"minecraft:poppy":2,"minecraft:vine":2,"alexsmobs:maggot":1,"minecraft:wheat_seeds":1,"jujutsucraft:uniform_normal_leggings":1,"minecraft:wooden_axe":1,"minecraft:oak_sapling":11,"minecraft:wooden_sword":1,"jujutsucraft:uniform_normal_boots":1,"jujutsucraft:uniform_normal_chestplate":1},"minecraft:used":{"jujutsucraft:clothes_zenin_boots":1,"minecraft:wooden_axe":35,"minecraft:stone_pickaxe":44,"minecraft:oak_planks":1,"minecraft:wooden_pickaxe":59,"jujutsucraft:clothes_sukuna_fushiguro_chestplate":1,"minecraft:stone_axe":7,"minecraft:wooden_sword":1,"minecraft:cobblestone":5,"minecraft:furnace":1,"jujutsucraft:uniform_normal_leggings":2,"minecraft:crafting_table":2,"jujutsucraft:clothes_fushiguro_toji_leggings":2,"jujutsucraft:uniform_normal_chestplate":1},"minecraft:broken":{"minecraft:wooden_pickaxe":1},"minecraft:killed_by":{"jujutsucraft:cursed_spirit_grade_08":1,"jujutsucraft:fushiguro_toji_bug":1},"minecraft:killed":{"jujutsucraft:cursed_spirit_grade_314":1,"minecraft:iron_golem":1,"alexsmobs:fly":1,"jujutsucraft:cursed_spirit_grade_317":1,"jujutsucraft:cursed_spirit_grade_315":1},"minecraft:mined":{"minecraft:furnace":1,"minecraft:carrots":6,"minecraft:iron_ore":10,"minecraft:crafting_table":2,"minecraft:grass":3,"minecraft:bookshelf":6,"minecraft:coal_ore":28,"minecraft:oak_log":39,"minecraft:tall_grass":1,"minecraft:stone":64,"minecraft:oak_leaves":4}},"DataVersion":3465}