{"stats":{"minecraft:killed":{"jujutsucraft:cursed_spirit_grade_32":9,"jujutsucraft:cursed_spirit_grade_33":42,"jujutsucraft:cursed_spirit_grade_31":3,"jujutsucraft:cursed_spirit_grade_11":1,"jujutsucraft:cursed_spirit_grade_12":1,"jujutsucraft:cursed_spirit_grade_37":2,"jujutsucraft:cursed_spirit_grade_35":4,"jujutsucraft:cursed_spirit_grade_39":57,"minecraft:fox":1,"jujutsucraft:cursed_spirit_grade_15":1,"jujutsucraft:cursed_spirit_grade_16":3,"jujutsucraft:fist":9,"jujutsucraft:cursed_spirit_grade_38":2,"jujutsucraft:cursed_spirit_grade_34":22,"alexsmobs:kangaroo":4,"naturalist:firefly":1,"jujutsucraft:awasaka_jiro":2,"jujutsucraft:zenin_jinichi":1,"minecraft:iron_golem":4,"jujutsucraft:cursed_spirit_grade_07":1,"naturalist:rhino":1,"jujutsucraft:cursed_spirit_grade_28":1,"minecraft:pillager":16,"jujutsucraft:cursed_spirit_grade_314":15,"jujutsucraft:crow":6,"jujutsucraft:cursed_spirit_grade_17":1,"alexsmobs:rain_frog":1,"alexsmobs:roadrunner":1,"alexsmobs:fly":8,"minecraft:glow_squid":3,"jujutsucraft:cursed_spirit_grade_315":11,"jujutsucraft:kashimo_hajime":1,"alexsmobs:jerboa":1,"jujutsucraft:transfigured_human_3":2,"jujutsucraft:cursed_spirit_grade_21":1,"alexsmobs:tarantula_hawk":1,"jujutsucraft:cursed_spirit_grade_318":6,"jujutsucraft:cursed_spirit_grade_316":5,"jujutsucraft:cursed_spirit_grade_26":4,"jujutsucraft:cursed_spirit_grade_22":2,"jujutsucraft:kumiya_juzo":1,"jujutsucraft:transfigured_human_2":2,"naturalist:tortoise":1,"alexsmobs:rattlesnake":1,"jujutsucraft:fox_fire":9,"jujutsucraft:cursed_spirit_grade_312":1,"jujutsucraft:cursed_spirit_grade_313":3,"alexsmobs:soul_vulture":1,"jujutsucraft:cursed_spirit_grade_08":2,"jujutsucraft:cursed_spirit_grade_23":2,"jujutsucraft:cursed_spirit_grade_317":30,"jujutsucraft:transfigured_human_1":5,"alexsmobs:guster":2,"naturalist:lizard_tail":1,"minecraft:rabbit":4,"minecraft:bat":4,"alexsmobs:emu":2,"alexsmobs:cockroach":2,"jujutsucraft:cursed_spirit_grade_14":1,"jujutsucraft:cursed_spirit_grade_311":4,"jujutsucraft:cursed_spirit_grade_310":8,"alexsmobs:gazelle":1,"jujutsucraft:cursed_spirit_grade_36":18,"naturalist:lizard":5,"jujutsucraft:hanami":1,"minecraft:villager":1},"minecraft:mined":{"minecraft:stone_pressure_plate":2,"minecraft:white_bed":2,"minecraft:obsidian":4,"minecraft:spawner":3,"minecraft:iron_ore":124,"minecraft:cobbled_deepslate":4,"minecraft:deepslate_lapis_ore":12,"biomesoplenty:webbing":2,"minecraft:green_bed":2,"minecraft:cut_sandstone":11,"minecraft:orange_terracotta":2,"minecraft:torch":1,"minecraft:blast_furnace":2,"minecraft:dead_bush":5,"minecraft:cobblestone":9,"minecraft:oak_planks":1,"minecraft:wall_torch":5,"minecraft:yellow_glazed_terracotta":10,"minecraft:grass":10,"minecraft:oak_log":39,"minecraft:oak_leaves":5,"minecraft:deepslate":41,"minecraft:deepslate_diamond_ore":7,"biomesoplenty:desert_grass":4,"biomesoplenty:bush":1,"minecraft:jungle_planks":1,"biomesoplenty:dead_grass":1,"minecraft:sandstone":21,"biomesoplenty:dune_grass":1,"minecraft:hay_block":5,"minecraft:furnace":11,"minecraft:carrots":6,"minecraft:raw_gold_block":27,"minecraft:chiseled_sandstone":5,"minecraft:gold_block":1,"minecraft:bookshelf":24,"minecraft:deepslate_iron_ore":4,"minecraft:stone":124,"minecraft:bone_block":3,"minecraft:oak_slab":2,"minecraft:crafting_table":11,"minecraft:lectern":7,"minecraft:tall_grass":2,"minecraft:coal_ore":168,"minecraft:gravel":74,"biomesoplenty:stringy_cobweb":1,"minecraft:cobweb":5},"minecraft:dropped":{"minecraft:iron_sword":1,"minecraft:glow_ink_sac":21,"minecraft:glow_berries":1,"jujutsucraft:sickle":1,"minecraft:grass":1,"minecraft:cut_sandstone":10,"minecraft:wooden_sword":1,"minecraft:bone_block":1,"minecraft:sand":42,"minecraft:bone":10,"minecraft:gravel":25,"minecraft:stone_axe":1,"alexsmobs:animal_dictionary":1,"minecraft:cobbled_deepslate":7,"minecraft:wheat":2,"tombstone:gift":2,"minecraft:rotten_flesh":6,"alexsmobs:kangaroo_hide":1,"minecraft:poppy":4,"minecraft:acacia_sapling":1,"minecraft:oak_slab":2,"minecraft:vine":3,"minecraft:wheat_seeds":5,"minecraft:mossy_cobblestone":3,"minecraft:stick":1,"minecraft:golden_carrot":12,"minecraft:torch":1,"minecraft:wooden_axe":1,"minecraft:rabbit":5,"tombstone:grave_dust":1,"minecraft:cactus":3,"jujutsucraft:dragon_bone":2,"minecraft:chiseled_sandstone":5,"alexsmobs:maggot":6,"jujutsucraft:uniform_normal_leggings":1,"minecraft:stone_sword":1,"minecraft:deepslate":12,"minecraft:tuff":2,"minecraft:cobbled_deepslate_slab":3,"jujutsucraft:uniform_normal_chestplate":1,"minecraft:stone":28,"alexsmobs:cockroach_wing_fragment":1,"minecraft:oak_sapling":13,"minecraft:stone_pressure_plate":1,"minecraft:sandstone":126,"jujutsucraft:uniform_normal_boots":1,"biomesoplenty:stringy_cobweb":1,"biomesoplenty:webbing":2},"minecraft:picked_up":{"minecraft:wheat":1,"minecraft:string":6,"minecraft:cobbled_deepslate":42,"minecraft:furnace":11,"minecraft:stick":22,"minecraft:torch":9,"minecraft:green_bed":2,"minecraft:vine":3,"minecraft:cactus":1,"minecraft:rotten_flesh":6,"jujutsucraft:naginata":1,"minecraft:obsidian":4,"minecraft:cobblestone":133,"minecraft:flint":4,"minecraft:tuff":2,"alexsmobs:cooked_kangaroo_meat":2,"minecraft:lapis_lazuli":78,"minecraft:bone":6,"minecraft:wheat_seeds":5,"biomesoplenty:webbing":2,"minecraft:cobbled_deepslate_slab":2,"minecraft:rabbit":5,"minecraft:oak_planks":1,"minecraft:jungle_planks":1,"minecraft:sand":33,"minecraft:chiseled_sandstone":5,"minecraft:mossy_cobblestone":1,"alexsmobs:kangaroo_hide":1,"minecraft:diamond":7,"minecraft:deepslate":10,"minecraft:grass":1,"alexsmobs:maggot":6,"minecraft:oak_sapling":13,"minecraft:crafting_table":11,"minecraft:poppy":4,"minecraft:lectern":7,"minecraft:raw_iron":157,"minecraft:sandstone":89,"biomesoplenty:stringy_cobweb":1,"minecraft:stone":10,"jujutsucraft:sickle":1,"minecraft:raw_gold_block":27,"minecraft:carrot":21,"minecraft:stone_pressure_plate":2,"minecraft:hay_block":5,"minecraft:glow_berries":1,"alexsmobs:kangaroo_meat":2,"minecraft:bone_block":3,"minecraft:golden_carrot":12,"minecraft:glow_ink_sac":21,"minecraft:cut_sandstone":12,"minecraft:oak_log":39,"minecraft:yellow_glazed_terracotta":10,"minecraft:orange_terracotta":2,"minecraft:apple":3,"alexsmobs:cockroach_wing_fragment":1,"minecraft:rabbit_hide":3,"minecraft:iron_ingot":25,"minecraft:acacia_sapling":1,"minecraft:book":63,"jujutsucraft:dragon_bone":2,"minecraft:oak_slab":4,"minecraft:gravel":71,"minecraft:blast_furnace":2,"minecraft:white_bed":2,"minecraft:coal":272},"minecraft:used":{"minecraft:iron_shovel":70,"minecraft:bone_block":2,"minecraft:shield":23,"minecraft:iron_sword":21,"minecraft:iron_chestplate":2,"jujutsucraft:clothes_fushiguro_toji_leggings":2,"minecraft:jungle_planks":1,"jujutsucraft:clothes_zenin_boots":1,"minecraft:iron_helmet":3,"minecraft:raw_gold_block":1,"jujutsucraft:clothes_sukuna_fushiguro_chestplate":1,"minecraft:furnace":10,"minecraft:stone_pickaxe":131,"minecraft:oak_planks":10,"minecraft:wooden_pickaxe":59,"minecraft:sandstone":12,"minecraft:golden_apple":3,"minecraft:blast_furnace":2,"minecraft:lectern":8,"tombstone:grave_key":15,"minecraft:gravel":46,"minecraft:wooden_sword":1,"jujutsucraft:uniform_normal_leggings":2,"minecraft:cobweb":3,"minecraft:torch":157,"minecraft:wooden_axe":35,"minecraft:iron_axe":30,"minecraft:iron_boots":1,"tombstone:gift":4,"minecraft:cobbled_deepslate":32,"minecraft:orange_terracotta":1,"minecraft:iron_leggings":2,"minecraft:water_bucket":1,"minecraft:cut_sandstone":2,"minecraft:fletching_table":1,"minecraft:green_bed":2,"minecraft:crafting_table":12,"minecraft:oak_slab":4,"minecraft:white_bed":1,"jujutsucraft:uniform_normal_chestplate":1,"minecraft:diamond_pickaxe":4,"minecraft:iron_pickaxe":405,"jujutsucraft:dragon_bone":4,"jujutsucraft:naginata":7,"minecraft:stone_axe":19,"minecraft:cobblestone":63,"minecraft:cobbled_deepslate_slab":5,"minecraft:bucket":2,"alexsmobs:animal_dictionary":1},"minecraft:crafted":{"minecraft:smooth_stone":3,"minecraft:oak_planks":156,"minecraft:stone":3,"minecraft:bookshelf":1,"minecraft:iron_boots":4,"minecraft:oak_slab":6,"minecraft:emerald":4,"minecraft:crafting_table":2,"minecraft:wooden_pickaxe":1,"minecraft:baked_potato":10,"minecraft:iron_helmet":4,"minecraft:fletching_table":2,"minecraft:lectern":1,"minecraft:iron_chestplate":4,"minecraft:diamond_pickaxe":1,"minecraft:shield":1,"minecraft:stick":180,"minecraft:iron_ingot":115,"minecraft:iron_pickaxe":1,"minecraft:stone_sword":1,"minecraft:gold_ingot":225,"minecraft:golden_carrot":12,"minecraft:wooden_sword":1,"minecraft:cobbled_deepslate_slab":6,"minecraft:furnace":2,"minecraft:blast_furnace":1,"minecraft:iron_axe":1,"minecraft:stone_pickaxe":1,"minecraft:wheat":45,"minecraft:enchanting_table":1,"minecraft:iron_sword":1,"minecraft:bucket":1,"minecraft:stone_axe":1,"minecraft:bread":15,"minecraft:air":0,"minecraft:golden_apple":3,"minecraft:gold_nugget":99,"minecraft:raw_gold":216,"minecraft:wooden_axe":1,"minecraft:iron_shovel":1,"minecraft:iron_leggings":4,"minecraft:torch":152},"minecraft:killed_by":{"jujutsucraft:cursed_spirit_grade_24":1,"jujutsucraft:awasaka_jiro":2,"jujutsucraft:cursed_spirit_grade_05":2,"jujutsucraft:cursed_spirit_grade_03":9,"jujutsucraft:cursed_spirit_grade_22":13,"jujutsucraft:cursed_spirit_grade_26":2,"jujutsucraft:cursed_spirit_grade_08":1,"jujutsucraft:fushiguro_toji":1,"jujutsucraft:sukuna":14,"jujutsucraft:cursed_spirit_grade_04":2,"jujutsucraft:cursed_spirit_grade_23":1,"jujutsucraft:ishigori_ryu":1,"jujutsucraft:cursed_spirit_grade_21":1,"jujutsucraft:cursed_spirit_grade_16":5,"jujutsucraft:cursed_spirit_grade_312":1,"jujutsucraft:cursed_spirit_grade_11":1,"jujutsucraft:cursed_spirit_grade_12":1,"jujutsucraft:kashimo_hajime":22,"jujutsucraft:hanami":2,"jujutsucraft:cursed_spirit_grade_315":1,"jujutsucraft:fushiguro_toji_bug":1,"jujutsucraft:zenin_jinichi":1,"jujutsucraft:jogo":14},"minecraft:broken":{"minecraft:iron_boots":4,"minecraft:iron_chestplate":4,"minecraft:iron_leggings":4,"minecraft:stone_pickaxe":1,"minecraft:wooden_pickaxe":1,"minecraft:shield":1,"minecraft:iron_helmet":4},"minecraft:custom":{"minecraft:interact_with_crafting_table":37,"minecraft:open_barrel":2,"minecraft:leave_game":5,"minecraft:time_since_death":5685,"minecraft:damage_resisted":41861,"minecraft:sprint_one_cm":1862444,"minecraft:damage_blocked_by_shield":428,"minecraft:drop":84,"minecraft:talked_to_villager":10,"minecraft:play_time":368953,"minecraft:deaths":101,"minecraft:jump":6882,"minecraft:walk_on_water_one_cm":66032,"minecraft:interact_with_furnace":82,"minecraft:traded_with_villager":4,"minecraft:sleep_in_bed":3,"minecraft:damage_dealt":545,"minecraft:player_kills":1,"minecraft:crouch_one_cm":1669,"tombstone:undead_killed":1,"tombstone:villager_killed":1,"minecraft:mob_kills":375,"minecraft:damage_dealt_resisted":152951,"minecraft:climb_one_cm":6418,"minecraft:walk_one_cm":898182,"minecraft:damage_dealt_absorbed":80,"minecraft:sneak_time":896,"minecraft:walk_under_water_one_cm":25850,"minecraft:interact_with_blast_furnace":20,"minecraft:total_world_time":368953,"tombstone:raider_killed":16,"minecraft:time_since_rest":5321,"minecraft:damage_taken":44783,"minecraft:damage_absorbed":338,"tombstone:cast_on_ally":0,"minecraft:swim_one_cm":24320,"minecraft:fly_one_cm":2651343,"minecraft:open_chest":63,"minecraft:fall_one_cm":295496}},"DataVersion":3465}