{"stats":{"minecraft:picked_up":{"minecraft:anvil":4,"minecraft:prismarine_shard":1,"minecraft:smithing_table":1,"minecraft:stone_slab":2,"minecraft:diamond_sword":1,"minecraft:oak_stairs":1,"minecraft:golden_sword":1,"minecraft:amethyst_block":2,"minecraft:string":135,"minecraft:red_nether_bricks":38,"biomesoplenty:tall_lavender":1,"minecraft:gold_nugget":924,"minecraft:cobbled_deepslate":357,"minecraft:spruce_planks":1,"minecraft:horn_coral_block":1,"minecraft:melon_slice":6,"minecraft:golden_axe":4,"minecraft:cherry_log":58,"cardinal_sins:stone_greatsword":3,"undead_revamp2:cloogerribs":30,"slashblade:proudsoul":1,"minecraft:stone_sword":3,"iceandfire:fire_dragon_heart":2,"minecraft:red_tulip":2,"minecraft:blaze_rod":3,"minecraft:iron_bars":1,"alexsmobs:lobster_tail":1,"biomesoplenty:lavender":5,"minecraft:birch_log":45,"minecraft:feather":10,"minecraft:water_bucket":1,"minecraft:smoker":13,"minecraft:twisting_vines":2,"royalvariations:royal_bone":1,"iceandfire:dragon_skull_fire":1,"sophisticatedbackpacks:iron_backpack":1,"minecraft:ink_sac":3,"minecraft:loom":1,"iceandfire:lightning_dragon_heart":1,"alexsmobs:animal_dictionary":1,"minecraft:dark_oak_log":98,"minecraft:barrel":1,"minecraft:bundle":6,"cataclysm:lionfish":1,"minecraft:bread":47,"iceandfire:armor_silver_helmet":1,"minecraft:dark_oak_fence":2,"iceandfire:dragon_skull_lightning":1,"ars_nouveau:red_archwood_log":1,"minecraft:crafting_table":62,"minecraft:coarse_dirt":1,"iceandfire:witherbone":6,"minecraft:nether_wart":1,"minecraft:redstone_lamp":2,"biomesoplenty:jacaranda_sapling":27,"iceandfire:sea_serpent_scales_blue":9,"iceandfire:frozen_grass":2,"minecraft:cracked_stone_bricks":4,"minecraft:beef":15,"minecraft:poppy":2,"minecraft:jungle_sapling":2,"minecraft:iron_nugget":15,"minecraft:spruce_slab":1,"minecraft:birch_sapling":2,"minecraft:chest":2,"iceandfire:dragonscales_electric":36,"sophisticatedbackpacks:backpack":1,"graveyard:dark_iron_bars":1,"minecraft:carrot":23,"minecraft:redstone":1,"minecraft:prismarine_crystals":1,"iceandfire:dragon_skull_ice":3,"biomesoplenty:jacaranda_log":63,"iceandfire:dragonscales_silver":14,"minecraft:hay_block":30,"minecraft:tube_coral_block":1,"tombstone:essence_of_undeath":3,"minecraft:gold_ingot":4,"minecraft:mutton":3,"minecraft:white_wool":2,"minecraft:bone_block":37,"minecraft:stripped_oak_log":1,"biomesoplenty:black_sandstone":25,"iceandfire:sea_serpent_fang":12,"minecraft:acacia_wood":4,"minecraft:oak_log":95,"iceandfire:dragonscales_blue":31,"minecraft:paper":1,"minecraft:white_banner":1,"minecraft:apple":9,"minecraft:stone_bricks":5,"minecraft:kelp":19,"minecraft:stone_pickaxe":1,"minecraft:cobweb":9,"tombstone:bag_of_seeds":4,"minecraft:flowering_azalea":1,"iceandfire:chared_stone":11,"minecraft:smooth_basalt":33,"iceandfire:sea_serpent_scales_green":23,"minecraft:cracked_nether_bricks":3,"minecraft:gravel":14,"biomesoplenty:mahogany_log":25,"minecraft:slime_ball":14,"iceandfire:ice_dragon_flesh":15,"minecraft:baked_potato":29,"minecraft:wheat":5,"illagerinvasion:platinum_chunk":13,"alexscaves:cave_tablet":2,"epicpaladins:bloodstone_gem":3,"minecraft:sea_pickle":2,"minecraft:deepslate_tiles":3,"alexsmobs:banana":1,"minecraft:white_tulip":2,"minecraft:redstone_torch":1,"minecraft:iron_boots":2,"minecraft:furnace":15,"iceandfire:pixie_dust":2,"minecraft:stick":111,"epicpaladins:arclight_gem":9,"minecraft:torch":7,"iceandfire:dragonscales_white":14,"minecraft:porkchop":19,"tombstone:grave_dust":11,"minecraft:rotten_flesh":96,"biomesoplenty:mahogany_sapling":4,"minecraft:mangrove_roots":3,"minecraft:obsidian":4,"minecraft:cod":3,"minecraft:cobblestone":311,"minecraft:andesite":247,"minecraft:potato":37,"paraglider:spirit_orb":12,"minecraft:tuff":2,"undead_revamp2:huntereye":2,"minecraft:dirt":287,"minecraft:lapis_lazuli":73,"minecraft:name_tag":2,"minecraft:leather_boots":2,"minecraft:bone":108,"minecraft:bow":1,"minecraft:wheat_seeds":74,"minecraft:raw_gold":8,"minecraft:cobbled_deepslate_slab":1,"minecraft:mossy_stone_bricks":3,"alexsmobs:blobfish":1,"minecraft:oak_planks":7,"minecraft:cooked_porkchop":3,"biomesoplenty:jacaranda_boat":3,"minecraft:sand":45,"minecraft:jungle_planks":2,"minecraft:nether_brick_stairs":11,"iceandfire:frozen_dirt":4,"minecraft:mossy_cobblestone":4,"minecraft:diamond":22,"minecraft:cracked_polished_blackstone_bricks":59,"minecraft:crossbow":1,"minecraft:emerald":42,"minecraft:oak_sapling":24,"minecraft:netherrack":46,"minecraft:bubble_coral_block":1,"iceandfire:silver_nugget":18,"minecraft:azure_bluet":1,"minecraft:chicken":6,"minecraft:ladder":1,"minecraft:wooden_pickaxe":1,"minecraft:stone_brick_wall":6,"minecraft:gold_block":40,"minecraft:shield":1,"iceandfire:frozen_stone":7,"minecraft:iron_axe":1,"minecraft:blackstone":13,"graveyard:corruption":41,"biomesoplenty:black_sand":198,"minecraft:oak_boat":1,"minecraft:light_gray_wool":1,"minecraft:lectern":1,"iceandfire:ice_dragon_heart":2,"minecraft:dark_oak_sapling":12,"minecraft:raw_iron":119,"iceandfire:dragonscales_gray":14,"iceandfire:dragonbone":51,"minecraft:copper_ingot":5,"minecraft:polished_blackstone_bricks":129,"minecraft:dark_oak_planks":1,"minecraft:arrow":62,"minecraft:nether_bricks":16,"iceandfire:chared_dirt":3,"minecraft:cracked_deepslate_tiles":2,"undead_revamp2:bostroxset_boots":2,"minecraft:basalt":5,"minecraft:golden_carrot":56,"minecraft:glow_ink_sac":2,"minecraft:salmon":9,"minecraft:leather":188,"iceandfire:ectoplasm":2,"minecraft:gunpowder":8,"minecraft:cobblestone_stairs":2,"iceandfire:tide_green_chestplate":1,"minecraft:cooked_mutton":2,"minecraft:red_nether_brick_stairs":6,"minecraft:iron_ingot":2,"iceandfire:sea_serpent_scales_deepblue":7,"iceandfire:fire_dragon_flesh":16,"minecraft:book":216,"minecraft:oak_slab":2,"minecraft:scaffolding":17,"slashblade:proudsoul_tiny":5,"minecraft:stone_brick_slab":1,"iceandfire:ash":1,"minecraft:dandelion":4,"minecraft:lava_bucket":1,"minecraft:blast_furnace":11,"minecraft:white_bed":1,"minecraft:nether_brick_slab":7,"minecraft:spider_eye":1,"undead_revamp2:rawbostrox":2,"alexsmobs:raw_catfish":6,"minecraft:iron_helmet":1,"minecraft:cherry_sapling":59,"tombstone:magic_scroll":3,"minecraft:dark_oak_wood":1,"minecraft:coal":575,"minecraft:sunflower":1},"minecraft:mined":{"minecraft:dark_oak_planks":1,"minecraft:cherry_log":58,"minecraft:jungle_leaves":3,"minecraft:obsidian":4,"minecraft:nether_wart":1,"minecraft:spawner":6,"minecraft:light_blue_stained_glass":1,"minecraft:polished_blackstone_bricks":64,"minecraft:tall_seagrass":6,"minecraft:cobbled_deepslate":7,"minecraft:fire":7,"biomesoplenty:lavender":4,"minecraft:deepslate_lapis_ore":8,"iceandfire:gold_pile":71,"minecraft:oak_stairs":1,"biomesoplenty:jacaranda_leaves":1,"minecraft:red_bed":1,"minecraft:kelp_plant":2,"minecraft:smoker":12,"minecraft:amethyst_cluster":1,"minecraft:torch":1,"minecraft:blast_furnace":11,"minecraft:melon":1,"minecraft:amethyst_block":4,"graveyard:wither_skeleton_hand":1,"minecraft:wheat":5,"minecraft:stone_brick_stairs":1,"minecraft:grass":58,"minecraft:loom":1,"epicpaladins:arclight_ore":7,"minecraft:deepslate":85,"biomesoplenty:reed":5,"minecraft:deepslate_tiles":3,"biomesoplenty:watergrass":22,"minecraft:mossy_cobblestone":3,"minecraft:dark_oak_log":109,"minecraft:dark_oak_fence":1,"minecraft:cobbled_deepslate_slab":1,"minecraft:jungle_planks":2,"iceandfire:frozen_grass":2,"minecraft:kelp":1,"biomesoplenty:dune_grass":1,"biomesoplenty:jacaranda_log":51,"minecraft:acacia_wood":4,"minecraft:andesite":68,"minecraft:potatoes":2,"minecraft:vine":1,"minecraft:brain_coral_wall_fan":1,"minecraft:bone_block":38,"minecraft:brain_coral":1,"minecraft:smithing_table":1,"minecraft:oak_slab":1,"minecraft:stone_brick_slab":2,"biomesoplenty:black_sand":5,"minecraft:tall_grass":23,"minecraft:deepslate_gold_ore":7,"minecraft:diorite":1,"minecraft:coarse_dirt":1,"minecraft:birch_leaves":4,"minecraft:gravel":4,"minecraft:cobweb":18,"minecraft:spruce_fence_gate":1,"minecraft:stone_bricks":4,"minecraft:deepslate_emerald_ore":23,"minecraft:fern":5,"minecraft:spruce_planks":1,"minecraft:cobblestone_stairs":2,"minecraft:stripped_crimson_hyphae":2,"minecraft:grass_block":11,"minecraft:cracked_polished_blackstone_bricks":3,"minecraft:stripped_warped_hyphae":1,"minecraft:iron_ore":104,"minecraft:anvil":4,"minecraft:azure_bluet":1,"minecraft:iron_bars":2,"minecraft:blackstone":1,"minecraft:twisting_vines_plant":1,"iceandfire:dragon_ice_spikes":8,"iceandfire:frozen_dirt":5,"minecraft:cobblestone":14,"graveyard:skeleton_hand":1,"graveyard:lying_skeleton":1,"minecraft:oak_planks":5,"minecraft:wall_torch":4,"minecraft:seagrass":4,"ars_nouveau:archwood_planks":1,"minecraft:birch_log":46,"minecraft:cracked_deepslate_tiles":3,"biomesoplenty:clover":2,"minecraft:oak_log":101,"minecraft:sand":45,"minecraft:dirt":23,"minecraft:crimson_planks":1,"structure_gel:dynamic_spawner":11,"minecraft:netherrack":70,"minecraft:oak_leaves":17,"minecraft:tuff":1,"minecraft:dark_oak_leaves":1,"minecraft:deepslate_diamond_ore":14,"minecraft:purple_terracotta":1,"biomesoplenty:bush":2,"iceandfire:frozen_stone":7,"iceandfire:chared_dirt":3,"minecraft:large_fern":3,"minecraft:hay_block":31,"minecraft:furnace":14,"minecraft:carrots":7,"minecraft:gold_block":44,"biomesoplenty:sea_oats":6,"minecraft:bookshelf":73,"minecraft:deepslate_iron_ore":17,"minecraft:stripped_oak_log":1,"minecraft:stone":287,"minecraft:crafting_table":60,"undead_revamp2:bostrokestone":1,"minecraft:lectern":1,"minecraft:stone_slab":2,"minecraft:deepslate_coal_ore":4,"minecraft:lapis_ore":4,"biomesoplenty:huge_clover_petal":1,"biomesoplenty:mahogany_log":25,"minecraft:ice":1,"minecraft:coal_ore":256,"minecraft:cracked_stone_bricks":4,"minecraft:mossy_stone_bricks":1},"minecraft:dropped":{"iceandfire:chared_stone":11,"minecraft:porkchop":1,"minecraft:glow_ink_sac":2,"minecraft:glass_bottle":1,"minecraft:crafting_table":3,"minecraft:cooked_porkchop":4,"minecraft:crossbow":1,"iceandfire:frozen_dirt":4,"biomesoplenty:black_sand":98,"iceandfire:ectoplasm":1,"minecraft:cracked_stone_bricks":1,"graveyard:corruption":35,"minecraft:dirt":278,"minecraft:dark_oak_fence":2,"iceandfire:tide_blue_boots":1,"minecraft:jungle_sapling":2,"minecraft:bubble_coral_block":1,"minecraft:gold_nugget":7,"minecraft:wooden_sword":1,"minecraft:sunflower":1,"minecraft:sand":9,"minecraft:iron_pickaxe":1,"minecraft:bone":3,"undead_revamp2:huntereye":2,"minecraft:stone_axe":1,"undead_revamp2:bostroxset_boots":1,"minecraft:iron_nugget":1,"minecraft:golden_chestplate":1,"minecraft:cobbled_deepslate":148,"alexsmobs:animal_dictionary":1,"alexscaves:cave_tablet":2,"minecraft:birch_sapling":2,"tombstone:gift":1,"minecraft:rotten_flesh":41,"minecraft:oak_planks":9,"minecraft:enchanted_golden_apple":1,"justhammers:iron_hammer":2,"minecraft:white_bed":2,"iceandfire:frozen_grass":2,"iceandfire:dragonscales_blue":19,"minecraft:leather_boots":3,"minecraft:ladder":1,"minecraft:spruce_slab":1,"iceandfire:sea_serpent_scales_blue":1,"cardinal_sins:stone_greatsword":2,"biomesoplenty:tall_lavender":1,"ars_nouveau:wixie_shards":1,"slashblade:proudsoul_tiny":6,"minecraft:enchanted_book":2,"minecraft:wheat_seeds":61,"iceandfire:armor_silver_leggings":1,"minecraft:prismarine_crystals":1,"biomesoplenty:lavender":4,"minecraft:cobblestone":44,"minecraft:iron_helmet":3,"minecraft:feather":10,"iceandfire:armor_blue_boots":1,"iceandfire:sea_serpent_scales_green":3,"minecraft:chainmail_helmet":1,"minecraft:coal":75,"minecraft:lava_bucket":1,"minecraft:golden_carrot":25,"minecraft:ink_sac":3,"minecraft:wooden_hoe":1,"minecraft:wooden_axe":1,"minecraft:pumpkin":27,"iceandfire:dragonscales_white":2,"minecraft:paper":1,"minecraft:string":101,"ars_nouveau:caster_tome":1,"iceandfire:silver_nugget":18,"iceandfire:dragonscales_gray":1,"minecraft:furnace":1,"slashblade:proudsoul":1,"minecraft:stone_sword":4,"iceandfire:armor_silver_helmet":2,"minecraft:iron_boots":4,"iceandfire:dragonscales_electric":27,"iceandfire:dragon_skull_ice":2,"sophisticatedbackpacks:backpack":1,"minecraft:name_tag":4,"minecraft:nether_bricks":16,"minecraft:diamond_sword":1,"minecraft:sea_pickle":2,"minecraft:allium":1,"minecraft:bundle":2,"minecraft:redstone_torch":1,"minecraft:stone_bricks":2,"minecraft:bow":1,"iceandfire:sea_serpent_fang":2,"graveyard:dark_iron_bars":1,"minecraft:nether_brick_stairs":11,"minecraft:baked_potato":3,"iceandfire:dragonscales_silver":2,"minecraft:loom":1,"cataclysm:lionfish":1,"minecraft:dark_oak_sapling":13,"iceandfire:chared_dirt":2,"iceandfire:ice_dragon_flesh":15,"iceandfire:fire_dragon_flesh":16,"minecraft:leather":117,"biomesoplenty:black_sandstone":25,"paraglider:spirit_orb":2,"minecraft:cod":1,"minecraft:redstone_lamp":2,"tombstone:bag_of_seeds":1,"minecraft:dark_oak_log":1,"iceandfire:ash":1,"minecraft:gravel":15,"minecraft:white_tulip":2,"minecraft:mangrove_roots":3,"minecraft:cherry_sapling":59,"iceandfire:frozen_stone":6,"minecraft:cooked_mutton":3,"undead_revamp2:cloogerribs":5,"minecraft:poppy":2,"minecraft:leather_chestplate":1,"minecraft:gunpowder":8,"minecraft:stone_brick_wall":6,"minecraft:chest":2,"epicpaladins:arclight_pickaxe":1,"minecraft:cracked_nether_bricks":3,"minecraft:scaffolding":17,"undead_revamp2:rawbostrox":2,"minecraft:netherrack":5,"minecraft:water_bucket":1,"minecraft:bread":42,"biomesoplenty:jacaranda_sapling":27,"minecraft:mossy_cobblestone":2,"minecraft:prismarine_shard":1,"minecraft:golden_axe":6,"minecraft:spectral_arrow":1,"minecraft:amethyst_block":2,"minecraft:copper_ingot":4,"minecraft:stick":9,"ars_nouveau:worn_notebook":1,"illagerinvasion:platinum_chunk":13,"minecraft:diorite":26,"minecraft:torch":7,"minecraft:melon_slice":6,"tombstone:grave_dust":11,"minecraft:iron_leggings":1,"iceandfire:ice_dragon_heart":2,"minecraft:flowering_azalea":1,"minecraft:iron_axe":2,"minecraft:bucket":1,"epicpaladins:arclight_gem":4,"minecraft:smooth_basalt":29,"minecraft:dandelion":3,"iceandfire:dragonbone":18,"minecraft:redstone":1,"minecraft:nether_brick_slab":7,"minecraft:kelp":19,"iceandfire:lightning_dragon_heart":1,"iceandfire:armor_blue_chestplate":1,"ars_nouveau:archwood_planks":1,"minecraft:tuff":2,"minecraft:light_gray_wool":1,"minecraft:red_nether_brick_stairs":6,"minecraft:filled_map":3,"minecraft:shield":3,"iceandfire:armor_gray_chestplate":1,"minecraft:diamond_chestplate":1,"minecraft:iron_chestplate":1,"minecraft:andesite":76,"minecraft:mossy_stone_bricks":3,"minecraft:oak_sapling":17,"minecraft:golden_sword":1,"tombstone:essence_of_undeath":3,"iceandfire:fire_dragon_heart":2,"minecraft:stone_pickaxe":2,"minecraft:wooden_pickaxe":1,"minecraft:raw_gold":1},"minecraft:crafted":{"epicpaladins:arclight_sword":1,"minecraft:smooth_stone":3,"epicpaladins:bloodstone_axe":1,"minecraft:cooked_mutton":6,"minecraft:glass":21,"alexsmobs:cooked_catfish":5,"minecraft:cooked_porkchop":22,"iceandfire:armor_gray_chestplate":1,"iceandfire:tide_green_helmet":1,"minecraft:wooden_hoe":1,"iceandfire:armor_white_helmet":1,"minecraft:iron_pickaxe":1,"minecraft:iron_block":6,"minecraft:gold_ingot":145,"minecraft:golden_carrot":6,"slashblade:slashblade_wood":3,"iceandfire:tide_green_leggings":1,"minecraft:stone_pickaxe":1,"minecraft:dark_oak_planks":12,"minecraft:wheat":270,"biomesoplenty:jacaranda_boat":2,"minecraft:enchanting_table":1,"iceandfire:armor_white_leggings":1,"minecraft:golden_apple":9,"minecraft:wooden_axe":1,"minecraft:iron_shovel":1,"minecraft:iron_leggings":1,"minecraft:white_bed":1,"minecraft:oak_planks":136,"ars_nouveau:archwood_planks":4,"minecraft:stone":3,"epicpaladins:arclight_pickaxe":1,"minecraft:bow":1,"minecraft:iron_boots":2,"iceandfire:armor_gray_helmet":1,"minecraft:chest":2,"iceandfire:armor_blue_boots":1,"minecraft:smoker":1,"iceandfire:tide_blue_boots":2,"sophisticatedbackpacks:backpack":2,"biomesoplenty:jacaranda_planks":72,"iceandfire:armor_silver_leggings":1,"minecraft:crafting_table":7,"minecraft:wooden_pickaxe":1,"minecraft:baked_potato":59,"minecraft:iron_helmet":3,"iceandfire:tide_deepblue_leggings":1,"minecraft:iron_chestplate":2,"minecraft:shield":13,"minecraft:stick":60,"minecraft:iron_ingot":134,"minecraft:stone_sword":1,"minecraft:wooden_sword":4,"minecraft:leather_boots":1,"iceandfire:armor_blue_chestplate":1,"biomesoplenty:mahogany_planks":84,"minecraft:furnace":4,"minecraft:blast_furnace":1,"iceandfire:tide_green_chestplate":1,"minecraft:iron_axe":1,"minecraft:cooked_beef":22,"paraglider:paraglider":1,"minecraft:cooked_cod":1,"minecraft:cooked_salmon":11,"minecraft:bucket":1,"minecraft:stone_axe":1,"minecraft:bread":90,"minecraft:air":0,"justhammers:iron_hammer":2,"minecraft:white_wool":4,"minecraft:gold_nugget":63,"minecraft:anvil":2,"minecraft:torch":208,"iceandfire:armor_silver_helmet":1},"minecraft:killed":{"illagerinvasion:archivist":1,"enemyexpansion:equestrian":1,"undead_revamp2:clogger":1,"minecraft:cod":3,"graveyard:wraith":14,"minecraft:skeleton":52,"undead_revamp2:deadclogger":1,"graveyard:acolyte":7,"minecraft:chicken":2,"minecraft:tropical_fish":1,"undead_revamp2:thespitter":2,"enemyexpansion:vampflyer":2,"minecraft:magma_cube":3,"minecraft:salmon":9,"minecraft:iron_golem":1,"minecraft:pillager":40,"minecraft:zombie":42,"cataclysm:deepling":1,"enemyexpansion:botfly":5,"iceandfire:lightning_dragon":1,"iceandfire:sea_serpent":6,"minecraft:cow":11,"undead_revamp2:thehunter":7,"graveyard:corrupted_vindicator":19,"minecraft:vindicator":5,"alexsmobs:seagull":1,"iceandfire:siren":3,"cataclysm:deepling_angler":1,"minecraft:husk":3,"graveyard:ghoul":2,"undead_revamp2:the_moonflower":9,"enemyexpansion:sprinter":2,"royalvariations:royal_zombie":2,"alexsmobs:catfish":7,"iceandfire:ghost":11,"iceandfire:ice_dragon":4,"minecraft:witch":1,"minecraft:spider":13,"undead_revamp2:thesmoker":1,"minecraft:bee":1,"undead_revamp2:therod":1,"minecraft:piglin_brute":8,"minecraft:piglin":8,"minecraft:pig":11,"minecraft:zombie_villager":1,"minecraft:creeper":3,"minecraft:sheep":2,"cataclysm:deepling_brute":1,"alexsmobs:terrapin":1,"iceandfire:pixie":2,"graveyard:corrupted_pillager":22,"minecraft:blaze":5,"minecraft:vex":6,"minecraft:slime":1,"enemyexpansion:direwolf":6,"iceandfire:fire_dragon":4,"lostfeatures:barnacle":2,"minecraft:drowned":43,"cataclysm:lionfish":1,"undead_revamp2:sucker":2,"minecraft:bat":1,"enemyexpansion:huntsman":1,"minecraft:wither_skeleton":19,"cardinal_sins:stonewarrior":1},"minecraft:broken":{"minecraft:iron_chestplate":1,"iceandfire:armor_white_leggings":1,"minecraft:wooden_pickaxe":1,"minecraft:shield":9,"minecraft:iron_helmet":1,"iceandfire:armor_white_helmet":1,"iceandfire:tide_blue_boots":1,"slashblade:slashblade_wood":3,"iceandfire:tide_deepblue_leggings":1,"iceandfire:armor_gray_helmet":1},"minecraft:killed_by":{"minecraft:drowned":1,"iceandfire:fire_dragon":1},"minecraft:used":{"minecraft:rotten_flesh":46,"epicpaladins:bloodstone_axe":714,"iceandfire:tide_blue_boots":2,"minecraft:azure_bluet":1,"epicpaladins:arclight_sword":978,"minecraft:lava_bucket":9,"minecraft:bow":108,"minecraft:furnace":14,"minecraft:oak_sapling":2,"minecraft:cooked_cod":1,"minecraft:blackstone":1,"minecraft:wooden_pickaxe":59,"minecraft:golden_apple":13,"minecraft:blast_furnace":6,"minecraft:deepslate_tiles":1,"graveyard:skull_pile":1,"biomesoplenty:jacaranda_boat":4,"iceandfire:armor_gray_helmet":1,"minecraft:iron_bars":1,"minecraft:stone_sword":95,"minecraft:cooked_salmon":17,"minecraft:netherrack":41,"minecraft:torch":198,"minecraft:anvil":4,"iceandfire:armor_blue_chestplate":1,"minecraft:barrel":1,"minecraft:smooth_basalt":4,"iceandfire:armor_blue_boots":1,"tombstone:gift":5,"minecraft:cobbled_deepslate":81,"iceandfire:armor_gray_chestplate":1,"minecraft:golden_axe":7,"minecraft:water_bucket":51,"alexsmobs:cooked_catfish":5,"iceandfire:dragon_skull_lightning":1,"minecraft:leather_boots":1,"minecraft:polished_blackstone_bricks":80,"minecraft:cracked_stone_bricks":2,"iceandfire:chared_dirt":1,"minecraft:mossy_cobblestone":2,"minecraft:crafting_table":64,"minecraft:cod":1,"justhammers:iron_hammer":162,"minecraft:oak_log":1,"epicpaladins:arclight_pickaxe":704,"iceandfire:tide_green_leggings":1,"minecraft:diamond_shovel":28,"minecraft:iron_pickaxe":484,"tombstone:magic_scroll":3,"minecraft:cobblestone":217,"minecraft:potion":1,"minecraft:cooked_porkchop":22,"minecraft:stripped_oak_log":1,"minecraft:iron_shovel":45,"minecraft:shield":534,"minecraft:iron_chestplate":1,"minecraft:carrot":3,"iceandfire:frozen_stone":1,"alexsmobs:lobster_tail":1,"minecraft:iron_helmet":3,"minecraft:stone_bricks":2,"undead_revamp2:cloogerribs":25,"cardinal_sins:stone_greatsword":125,"minecraft:stone_pickaxe":108,"biomesoplenty:lavender":1,"ars_nouveau:archwood_planks":3,"minecraft:bread":208,"tombstone:grave_key":5,"iceandfire:dragon_skull_fire":1,"minecraft:andesite":82,"minecraft:coarse_dirt":1,"minecraft:experience_bottle":2,"minecraft:cobweb":5,"biomesoplenty:mahogany_planks":63,"minecraft:flint_and_steel":7,"minecraft:dirt":21,"iceandfire:tide_deepblue_leggings":1,"minecraft:wooden_axe":33,"minecraft:red_tulip":2,"minecraft:iron_boots":1,"minecraft:golden_carrot":40,"slashblade:slashblade_wood":180,"minecraft:cooked_beef":22,"minecraft:iron_leggings":1,"alexsmobs:blobfish":1,"biomesoplenty:black_sand":36,"minecraft:cooked_mutton":5,"minecraft:cobblestone_stairs":1,"minecraft:baked_potato":85,"minecraft:red_nether_bricks":5,"tombstone:scroll_of_feather_fall":1,"minecraft:smoker":14,"minecraft:apple":18,"minecraft:cracked_polished_blackstone_bricks":4,"minecraft:stone_slab":2,"minecraft:stone_axe":109,"minecraft:white_banner":1,"minecraft:bucket":60,"alexsmobs:animal_dictionary":2},"minecraft:custom":{"minecraft:interact_with_crafting_table":167,"minecraft:open_barrel":96,"minecraft:leave_game":12,"minecraft:time_since_death":13617,"minecraft:damage_blocked_by_shield":14625,"minecraft:play_time":652248,"minecraft:deaths":27,"minecraft:jump":15256,"minecraft:interact_with_furnace":116,"minecraft:sleep_in_bed":3,"minecraft:damage_dealt":106318,"tombstone:undead_killed":219,"minecraft:interact_with_smoker":69,"minecraft:interact_with_smithing_table":4,"minecraft:interact_with_anvil":7,"minecraft:damage_dealt_absorbed":235,"minecraft:sneak_time":11929,"minecraft:interact_with_blast_furnace":60,"minecraft:total_world_time":652248,"tombstone:raider_killed":47,"minecraft:time_since_rest":13361,"tombstone:cast_on_ally":0,"minecraft:swim_one_cm":579874,"minecraft:fly_one_cm":3126877,"minecraft:open_chest":269,"minecraft:fall_one_cm":442882,"minecraft:sprint_one_cm":2125212,"minecraft:drop":384,"minecraft:talked_to_villager":4,"minecraft:walk_on_water_one_cm":222371,"minecraft:interact_with_loom":9,"minecraft:player_kills":2,"minecraft:crouch_one_cm":34459,"minecraft:mob_kills":474,"minecraft:damage_dealt_resisted":1335,"minecraft:climb_one_cm":15248,"minecraft:walk_one_cm":1184611,"minecraft:walk_under_water_one_cm":276733,"minecraft:boat_one_cm":182865,"minecraft:damage_taken":29978,"minecraft:damage_absorbed":385,"minecraft:trigger_trapped_chest":4}},"DataVersion":3465}