{"stats":{"minecraft:killed":{"jujutsucraft:cursed_spirit_grade_32":32,"jujutsucraft:cursed_spirit_grade_33":98,"jujutsucraft:inumaki_toge":1,"jujutsucraft:cursed_spirit_grade_31":7,"alexsmobs:lobster":1,"jujutsucraft:ishigori_ryu":2,"jujutsucraft:cursed_spirit_grade_11":3,"jujutsucraft:zenin_naoya":3,"jujutsucraft:cursed_spirit_grade_12":3,"jujutsucraft:fushiguro_megumi_shibuya":1,"jujutsucraft:cursed_spirit_grade_37":3,"jujutsucraft:cursed_spirit_grade_35":7,"alexsmobs:murmur":1,"jujutsucraft:cursed_spirit_grade_39":78,"jujutsucraft:fushiguro_toji_bug":1,"minecraft:fox":1,"jujutsucraft:cursed_spirit_grade_15":1,"jujutsucraft:cursed_spirit_grade_19":1,"jujutsucraft:cursed_spirit_grade_16":4,"jujutsucraft:panda_normal":4,"jujutsucraft:fist":9,"alexsmobs:hammerhead_shark":1,"jujutsucraft:zenin_ogi":1,"jujutsucraft:cursed_spirit_grade_38":15,"jujutsucraft:cursed_spirit_grade_34":64,"minecraft:camel":1,"jujutsucraft:nanami_kento":2,"alexsmobs:kangaroo":5,"jujutsucraft:mei_mei":1,"alexsmobs:triops":6,"jujutsucraft:truck":2,"naturalist:firefly":3,"jujutsucraft:awasaka_jiro":4,"jujutsucraft:zenin_jinichi":3,"minecraft:iron_golem":6,"jujutsucraft:bathynomus_giganteus":2,"jujutsucraft:cursed_spirit_grade_07":1,"jujutsucraft:itadori_yuji":3,"naturalist:rhino":1,"jujutsucraft:polymorphic_soul_isomer":3,"jujutsucraft:jogo":1,"jujutsucraft:cursed_spirit_grade_29":4,"jujutsucraft:cursed_spirit_grade_28":1,"minecraft:pillager":27,"jujutsucraft:cursed_spirit_grade_314":42,"jujutsucraft:cockroaches":3,"jujutsucraft:crow":7,"jujutsucraft:cursed_spirit_grade_18":1,"jujutsucraft:cursed_spirit_grade_17":1,"alexsmobs:rain_frog":1,"alexsmobs:roadrunner":3,"alexsmobs:fly":12,"minecraft:glow_squid":7,"jujutsucraft:kashimo_hajime":1,"jujutsucraft:cursed_spirit_grade_315":32,"jujutsucraft:takaba_fumihiko":2,"jujutsucraft:ice_spear":6,"alexsmobs:jerboa":7,"jujutsucraft:transfigured_human_3":4,"jujutsucraft:cursed_spirit_grade_21":3,"alexsmobs:tarantula_hawk":1,"jujutsucraft:cursed_spirit_grade_24":2,"jujutsucraft:energy_ball_white":2,"jujutsucraft:cursed_spirit_grade_318":15,"jujutsucraft:mahito":3,"jujutsucraft:cursed_spirit_grade_316":17,"jujutsucraft:cursed_spirit_grade_26":6,"jujutsucraft:cursed_spirit_grade_22":7,"jujutsucraft:kumiya_juzo":1,"jujutsucraft:transfigured_human_2":4,"alexsmobs:rattlesnake":2,"naturalist:tortoise":4,"jujutsucraft:cursed_spirit_grade_01":1,"jujutsucraft:miwa_kasumi":3,"jujutsucraft:cursed_spirit_grade_04":1,"jujutsucraft:fox_fire":9,"jujutsucraft:body_repel":17,"jujutsucraft:cursed_spirit_grade_312":5,"jujutsucraft:cursed_spirit_grade_313":9,"jujutsucraft:sea_serpent":1,"alexsmobs:murmur_head":1,"jujutsucraft:cursed_spirit_grade_23":5,"alexsmobs:soul_vulture":1,"jujutsucraft:cursed_spirit_grade_08":2,"alexsmobs:underminer":1,"jujutsucraft:itadori_yuji_shibuya":1,"jujutsucraft:cursed_spirit_grade_317":55,"jujutsucraft:transfigured_human_1":8,"jujutsucraft:cursed_spirit_grade_27":1,"jujutsucraft:dagon_2":1,"alexsmobs:guster":9,"jujutsucraft:ice_spear_2":2,"naturalist:lizard_tail":1,"minecraft:rabbit":6,"minecraft:bat":16,"jujutsucraft:zenin_maki":1,"jujutsucraft:hakari_kinji":2,"alexsmobs:rhinoceros":1,"jujutsucraft:yaga_masamichi":2,"alexsmobs:emu":13,"alexsmobs:cockroach":7,"jujutsucraft:cursed_spirit_grade_14":3,"jujutsucraft:cursed_spirit_grade_311":13,"jujutsucraft:cursed_spirit_grade_310":18,"alexsmobs:gazelle":1,"jujutsucraft:cursed_spirit_grade_36":37,"naturalist:lizard":6,"jujutsucraft:cursed_spirit_grade_25":3,"jujutsucraft:hanami":1,"minecraft:villager":2,"jujutsucraft:kamo_noritoshi":1},"minecraft:mined":{"minecraft:stone_pressure_plate":2,"minecraft:white_bed":2,"minecraft:obsidian":8,"minecraft:acacia_log":8,"minecraft:spawner":4,"biomesoplenty:palm_log":36,"minecraft:iron_ore":131,"minecraft:cobbled_deepslate":4,"minecraft:fire":1,"minecraft:deepslate_lapis_ore":12,"biomesoplenty:webbing":2,"minecraft:green_bed":2,"minecraft:cut_sandstone":21,"minecraft:orange_terracotta":2,"minecraft:torch":1,"minecraft:blast_furnace":2,"minecraft:chest":2,"minecraft:dead_bush":5,"minecraft:cobblestone":11,"minecraft:oak_planks":1,"minecraft:wall_torch":7,"minecraft:yellow_glazed_terracotta":10,"minecraft:grass":12,"minecraft:oak_log":141,"minecraft:oak_leaves":5,"minecraft:deepslate":52,"minecraft:deepslate_diamond_ore":19,"biomesoplenty:desert_grass":4,"biomesoplenty:bush":1,"minecraft:spruce_fence":1,"minecraft:jungle_planks":1,"minecraft:red_sandstone_stairs":3,"biomesoplenty:dead_grass":1,"minecraft:sandstone":27,"biomesoplenty:dune_grass":1,"minecraft:hay_block":5,"minecraft:furnace":14,"minecraft:carrots":6,"minecraft:raw_gold_block":27,"minecraft:chiseled_sandstone":5,"minecraft:gold_block":1,"minecraft:bookshelf":33,"minecraft:deepslate_iron_ore":4,"minecraft:stone":139,"minecraft:bone_block":3,"minecraft:oak_slab":2,"minecraft:crafting_table":17,"minecraft:lectern":7,"minecraft:tall_grass":2,"biomesoplenty:sprout":1,"minecraft:sculk":3,"minecraft:coal_ore":216,"minecraft:flower_pot":2,"minecraft:gravel":74,"biomesoplenty:stringy_cobweb":1,"minecraft:cobweb":5,"jujutsucraft:cursed_block":1},"minecraft:dropped":{"minecraft:iron_sword":1,"minecraft:glow_ink_sac":21,"minecraft:baked_potato":10,"alexsmobs:kangaroo_meat":1,"minecraft:glow_berries":1,"jujutsucraft:sickle":2,"minecraft:grass":1,"minecraft:cut_sandstone":10,"minecraft:wooden_sword":1,"minecraft:gold_nugget":7,"minecraft:bone_block":1,"minecraft:sand":48,"minecraft:iron_pickaxe":1,"minecraft:bone":10,"minecraft:gravel":38,"alexsmobs:centipede_leg":2,"minecraft:stone_axe":1,"minecraft:sugar_cane":5,"minecraft:iron_nugget":8,"jujutsucraft:clothes_ishigori_leggings":1,"alexsmobs:animal_dictionary":1,"minecraft:cobbled_deepslate":8,"minecraft:wheat":3,"jujutsucraft:clothes_sukuna_fushiguro_chestplate":1,"tombstone:gift":2,"minecraft:rotten_flesh":6,"minecraft:golden_shovel":1,"alexsmobs:kangaroo_hide":4,"minecraft:poppy":6,"jujutsucraft:clothes_fushiguro_toji_leggings":2,"minecraft:acacia_sapling":1,"jujutsucraft:harisen":1,"minecraft:oak_slab":2,"minecraft:vine":6,"minecraft:wheat_seeds":6,"minecraft:mossy_cobblestone":3,"minecraft:stick":1,"biomesoplenty:orange_sand":1,"minecraft:milk_bucket":1,"minecraft:golden_carrot":12,"minecraft:torch":1,"minecraft:wooden_axe":1,"minecraft:rabbit":7,"tombstone:grave_dust":1,"minecraft:iron_axe":1,"minecraft:cactus":11,"jujutsucraft:dragon_bone":2,"minecraft:chiseled_sandstone":5,"alexsmobs:maggot":16,"jujutsucraft:uniform_normal_leggings":1,"minecraft:stone_sword":1,"minecraft:raw_copper":3,"minecraft:deepslate":12,"minecraft:tuff":6,"biomesoplenty:dune_grass":1,"minecraft:cobbled_deepslate_slab":3,"jujutsucraft:uniform_normal_chestplate":1,"minecraft:flint_and_steel":3,"minecraft:stone":41,"minecraft:flower_pot":2,"alexsmobs:cockroach_wing_fragment":5,"minecraft:oak_sapling":29,"minecraft:stone_pressure_plate":1,"jujutsucraft:clothes_zenin_boots":1,"minecraft:sandstone":128,"jujutsucraft:uniform_normal_boots":1,"biomesoplenty:stringy_cobweb":1,"minecraft:red_sandstone_stairs":1,"biomesoplenty:webbing":2},"minecraft:picked_up":{"minecraft:wheat":2,"minecraft:flower_pot":4,"minecraft:red_sandstone_stairs":1,"minecraft:golden_shovel":1,"minecraft:string":6,"minecraft:raw_copper":3,"minecraft:cobbled_deepslate":53,"minecraft:furnace":14,"minecraft:stick":36,"minecraft:torch":11,"minecraft:acacia_log":7,"minecraft:green_bed":2,"minecraft:vine":4,"alexsmobs:centipede_leg":2,"minecraft:cactus":9,"jujutsucraft:naginata":1,"minecraft:rotten_flesh":6,"biomesoplenty:palm_log":34,"minecraft:obsidian":8,"minecraft:cobblestone":150,"minecraft:andesite":1,"minecraft:flint":4,"minecraft:tuff":6,"alexsmobs:cooked_kangaroo_meat":2,"minecraft:lapis_lazuli":78,"minecraft:bone":6,"minecraft:wheat_seeds":6,"biomesoplenty:webbing":2,"minecraft:cobbled_deepslate_slab":2,"minecraft:rabbit":7,"minecraft:oak_planks":1,"minecraft:sand":39,"minecraft:jungle_planks":1,"jujutsucraft:harisen":1,"minecraft:chiseled_sandstone":5,"minecraft:mossy_cobblestone":1,"alexsmobs:kangaroo_hide":4,"minecraft:diamond":18,"minecraft:deepslate":86,"minecraft:grass":1,"minecraft:golden_apple":2,"minecraft:bread":13,"alexsmobs:maggot":16,"minecraft:oak_sapling":32,"minecraft:crafting_table":17,"minecraft:moss_carpet":1,"minecraft:flint_and_steel":4,"minecraft:poppy":6,"minecraft:lectern":7,"minecraft:sugar_cane":5,"minecraft:chest":2,"minecraft:raw_iron":189,"minecraft:sandstone":95,"biomesoplenty:stringy_cobweb":1,"minecraft:stone":24,"jujutsucraft:sickle":2,"minecraft:raw_gold_block":27,"minecraft:carrot":21,"minecraft:stone_pressure_plate":2,"jujutsucraft:clothes_fushiguro_toji_leggings":1,"minecraft:hay_block":5,"jujutsucraft:clothes_ishigori_leggings":1,"minecraft:glow_berries":1,"alexsmobs:kangaroo_meat":3,"biomesoplenty:orange_sand":1,"minecraft:bone_block":3,"minecraft:golden_carrot":12,"minecraft:glow_ink_sac":21,"minecraft:cut_sandstone":22,"jujutsucraft:item_master_domain_expansion":1,"jujutsucraft:sukuna_finger":2,"minecraft:oak_log":139,"minecraft:yellow_glazed_terracotta":10,"biomesoplenty:dune_grass":1,"minecraft:golden_boots":1,"minecraft:orange_terracotta":2,"minecraft:apple":5,"alexsmobs:cockroach_wing_fragment":5,"minecraft:rabbit_hide":3,"minecraft:iron_ingot":35,"minecraft:acacia_sapling":1,"minecraft:book":90,"jujutsucraft:dragon_bone":2,"minecraft:oak_slab":4,"minecraft:gravel":84,"minecraft:blast_furnace":2,"minecraft:white_bed":2,"minecraft:terracotta":1,"tombstone:magic_scroll":1,"minecraft:coal":320},"minecraft:used":{"minecraft:moss_carpet":1,"minecraft:iron_shovel":70,"minecraft:bone_block":2,"minecraft:chest":6,"minecraft:shield":23,"minecraft:stone":1,"minecraft:iron_sword":21,"minecraft:iron_chestplate":2,"jujutsucraft:sukuna_finger":2,"jujutsucraft:clothes_fushiguro_toji_leggings":2,"minecraft:jungle_planks":1,"jujutsucraft:clothes_zenin_boots":1,"minecraft:iron_helmet":3,"minecraft:raw_gold_block":1,"jujutsucraft:clothes_sukuna_fushiguro_chestplate":1,"minecraft:furnace":15,"minecraft:golden_boots":1,"minecraft:stone_pickaxe":131,"minecraft:oak_planks":10,"minecraft:wooden_pickaxe":59,"minecraft:sandstone":16,"minecraft:golden_apple":10,"minecraft:blast_furnace":3,"minecraft:lectern":8,"tombstone:grave_key":15,"minecraft:deepslate":12,"minecraft:gravel":46,"minecraft:wooden_sword":1,"jujutsucraft:uniform_normal_leggings":2,"minecraft:grindstone":1,"minecraft:andesite":1,"minecraft:cobweb":3,"minecraft:enchanting_table":1,"minecraft:torch":223,"minecraft:wooden_axe":35,"minecraft:bookshelf":15,"minecraft:iron_axe":217,"minecraft:iron_boots":1,"tombstone:gift":4,"minecraft:cobbled_deepslate":32,"minecraft:orange_terracotta":1,"minecraft:iron_leggings":2,"minecraft:water_bucket":5,"minecraft:cut_sandstone":2,"minecraft:fletching_table":2,"minecraft:green_bed":2,"minecraft:terracotta":1,"minecraft:oak_slab":4,"minecraft:crafting_table":19,"minecraft:white_bed":2,"jujutsucraft:uniform_normal_chestplate":1,"minecraft:flower_pot":2,"minecraft:diamond_pickaxe":19,"minecraft:iron_pickaxe":517,"jujutsucraft:dragon_bone":4,"jujutsucraft:naginata":10,"minecraft:stone_axe":19,"minecraft:cobblestone":93,"minecraft:cobbled_deepslate_slab":5,"minecraft:bucket":5,"alexsmobs:animal_dictionary":1},"minecraft:crafted":{"minecraft:grindstone":1,"minecraft:oak_planks":556,"minecraft:smooth_stone":3,"minecraft:stone":7,"minecraft:bookshelf":16,"minecraft:iron_boots":5,"minecraft:chest":4,"minecraft:oak_slab":6,"minecraft:emerald":10,"minecraft:crafting_table":3,"minecraft:wooden_pickaxe":1,"minecraft:baked_potato":10,"minecraft:iron_helmet":6,"minecraft:fletching_table":2,"minecraft:lectern":1,"minecraft:iron_chestplate":6,"minecraft:diamond_pickaxe":1,"minecraft:shield":1,"minecraft:stone_slab":6,"minecraft:stick":436,"minecraft:iron_pickaxe":2,"minecraft:iron_ingot":125,"minecraft:stone_sword":1,"minecraft:gold_ingot":227,"minecraft:golden_carrot":12,"minecraft:wooden_sword":1,"minecraft:cobbled_deepslate_slab":6,"minecraft:furnace":2,"minecraft:blast_furnace":1,"minecraft:iron_axe":1,"minecraft:stone_pickaxe":1,"minecraft:wheat":45,"minecraft:enchanting_table":2,"minecraft:iron_sword":1,"minecraft:bucket":1,"minecraft:stone_axe":1,"minecraft:bread":15,"minecraft:air":0,"minecraft:golden_apple":3,"minecraft:gold_nugget":99,"minecraft:raw_gold":216,"minecraft:wooden_axe":1,"minecraft:iron_shovel":1,"minecraft:iron_leggings":6,"minecraft:acacia_planks":28,"minecraft:torch":220},"minecraft:killed_by":{"jujutsucraft:cursed_spirit_grade_24":1,"jujutsucraft:awasaka_jiro":2,"jujutsucraft:todo_aoi":1,"jujutsucraft:cursed_spirit_grade_05":2,"jujutsucraft:cursed_spirit_grade_03":9,"jujutsucraft:cursed_spirit_grade_22":13,"jujutsucraft:cursed_spirit_grade_26":2,"jujutsucraft:cursed_spirit_grade_08":1,"jujutsucraft:fushiguro_toji":1,"jujutsucraft:sukuna":16,"jujutsucraft:cursed_spirit_grade_04":2,"jujutsucraft:cursed_spirit_grade_23":1,"jujutsucraft:ishigori_ryu":2,"jujutsucraft:cursed_spirit_grade_21":1,"jujutsucraft:cursed_spirit_grade_16":5,"jujutsucraft:cursed_spirit_grade_312":1,"jujutsucraft:kenjaku":2,"jujutsucraft:cursed_spirit_grade_11":1,"jujutsucraft:cursed_spirit_grade_12":1,"jujutsucraft:kashimo_hajime":23,"jujutsucraft:hanami":2,"jujutsucraft:cursed_spirit_grade_315":1,"jujutsucraft:fushiguro_toji_bug":2,"jujutsucraft:gojo_satoru":3,"jujutsucraft:okkotsu_yuta":1,"jujutsucraft:sukuna_fushiguro":7,"jujutsucraft:zenin_jinichi":1,"jujutsucraft:jogo":14},"minecraft:broken":{"minecraft:golden_boots":1,"minecraft:iron_boots":5,"minecraft:iron_chestplate":5,"minecraft:iron_leggings":5,"minecraft:stone_pickaxe":1,"minecraft:wooden_pickaxe":1,"minecraft:shield":1,"minecraft:iron_pickaxe":1,"minecraft:iron_helmet":6},"minecraft:custom":{"minecraft:interact_with_crafting_table":54,"minecraft:open_barrel":9,"minecraft:leave_game":16,"minecraft:time_since_death":25011,"minecraft:damage_resisted":171868,"minecraft:sprint_one_cm":3501500,"minecraft:damage_blocked_by_shield":428,"minecraft:drop":145,"minecraft:talked_to_villager":22,"minecraft:play_time":661291,"minecraft:deaths":121,"minecraft:jump":12399,"minecraft:walk_on_water_one_cm":151363,"minecraft:enchant_item":6,"minecraft:interact_with_furnace":89,"minecraft:traded_with_villager":10,"minecraft:sleep_in_bed":5,"minecraft:damage_dealt":845,"minecraft:player_kills":9,"minecraft:crouch_one_cm":2959,"tombstone:undead_killed":3,"tombstone:villager_killed":2,"minecraft:inspect_dispenser":2,"minecraft:mob_kills":894,"minecraft:damage_dealt_resisted":534432,"minecraft:climb_one_cm":10191,"minecraft:walk_one_cm":1930134,"minecraft:damage_dealt_absorbed":458,"minecraft:sneak_time":1586,"minecraft:walk_under_water_one_cm":58150,"minecraft:interact_with_blast_furnace":25,"minecraft:total_world_time":661291,"tombstone:raider_killed":27,"minecraft:interact_with_grindstone":5,"minecraft:time_since_rest":24732,"minecraft:damage_taken":75999,"minecraft:damage_absorbed":1620,"tombstone:cast_on_ally":0,"minecraft:swim_one_cm":82020,"minecraft:fly_one_cm":8058767,"minecraft:open_chest":85,"minecraft:fall_one_cm":638397}},"DataVersion":3465}