{"stats":{"minecraft:killed":{"jujutsucraft:cursed_spirit_grade_32":9,"jujutsucraft:cursed_spirit_grade_33":47,"jujutsucraft:cursed_spirit_grade_31":3,"jujutsucraft:cursed_spirit_grade_11":1,"jujutsucraft:cursed_spirit_grade_12":1,"jujutsucraft:cursed_spirit_grade_37":2,"jujutsucraft:cursed_spirit_grade_35":4,"jujutsucraft:cursed_spirit_grade_39":60,"minecraft:fox":1,"jujutsucraft:cursed_spirit_grade_15":1,"jujutsucraft:cursed_spirit_grade_16":3,"jujutsucraft:panda_normal":2,"jujutsucraft:fist":9,"jujutsucraft:cursed_spirit_grade_38":2,"jujutsucraft:cursed_spirit_grade_34":27,"alexsmobs:kangaroo":4,"alexsmobs:triops":1,"naturalist:firefly":1,"jujutsucraft:awasaka_jiro":2,"jujutsucraft:zenin_jinichi":1,"minecraft:iron_golem":4,"jujutsucraft:cursed_spirit_grade_07":1,"jujutsucraft:itadori_yuji":1,"naturalist:rhino":1,"jujutsucraft:cursed_spirit_grade_28":1,"minecraft:pillager":24,"jujutsucraft:cursed_spirit_grade_314":16,"jujutsucraft:crow":6,"jujutsucraft:cursed_spirit_grade_17":1,"alexsmobs:rain_frog":1,"alexsmobs:roadrunner":1,"alexsmobs:fly":8,"minecraft:glow_squid":4,"jujutsucraft:cursed_spirit_grade_315":12,"jujutsucraft:kashimo_hajime":1,"alexsmobs:jerboa":2,"jujutsucraft:transfigured_human_3":2,"jujutsucraft:cursed_spirit_grade_21":1,"alexsmobs:tarantula_hawk":1,"jujutsucraft:cursed_spirit_grade_318":6,"jujutsucraft:cursed_spirit_grade_316":7,"jujutsucraft:cursed_spirit_grade_26":4,"jujutsucraft:kumiya_juzo":1,"jujutsucraft:cursed_spirit_grade_22":3,"jujutsucraft:transfigured_human_2":2,"alexsmobs:rattlesnake":1,"naturalist:tortoise":2,"jujutsucraft:fox_fire":9,"jujutsucraft:cursed_spirit_grade_312":1,"jujutsucraft:cursed_spirit_grade_313":3,"alexsmobs:soul_vulture":1,"jujutsucraft:cursed_spirit_grade_08":2,"jujutsucraft:cursed_spirit_grade_23":3,"jujutsucraft:cursed_spirit_grade_317":31,"jujutsucraft:transfigured_human_1":5,"alexsmobs:guster":3,"naturalist:lizard_tail":1,"minecraft:rabbit":4,"minecraft:bat":11,"alexsmobs:emu":2,"alexsmobs:cockroach":4,"jujutsucraft:cursed_spirit_grade_14":1,"jujutsucraft:cursed_spirit_grade_311":5,"jujutsucraft:cursed_spirit_grade_310":9,"alexsmobs:gazelle":1,"jujutsucraft:cursed_spirit_grade_36":25,"naturalist:lizard":5,"jujutsucraft:hanami":1,"minecraft:villager":1},"minecraft:mined":{"minecraft:stone_pressure_plate":2,"minecraft:white_bed":2,"minecraft:obsidian":4,"minecraft:spawner":3,"biomesoplenty:palm_log":36,"minecraft:iron_ore":125,"minecraft:cobbled_deepslate":4,"minecraft:deepslate_lapis_ore":12,"biomesoplenty:webbing":2,"minecraft:green_bed":2,"minecraft:cut_sandstone":11,"minecraft:orange_terracotta":2,"minecraft:torch":1,"minecraft:blast_furnace":2,"minecraft:dead_bush":5,"minecraft:cobblestone":9,"minecraft:oak_planks":1,"minecraft:wall_torch":6,"minecraft:yellow_glazed_terracotta":10,"minecraft:grass":10,"minecraft:oak_log":59,"minecraft:oak_leaves":5,"minecraft:deepslate":41,"minecraft:deepslate_diamond_ore":16,"biomesoplenty:desert_grass":4,"biomesoplenty:bush":1,"minecraft:spruce_fence":1,"minecraft:jungle_planks":1,"biomesoplenty:dead_grass":1,"minecraft:sandstone":21,"biomesoplenty:dune_grass":1,"minecraft:hay_block":5,"minecraft:furnace":11,"minecraft:carrots":6,"minecraft:raw_gold_block":27,"minecraft:chiseled_sandstone":5,"minecraft:gold_block":1,"minecraft:bookshelf":27,"minecraft:deepslate_iron_ore":4,"minecraft:stone":124,"minecraft:bone_block":3,"minecraft:oak_slab":2,"minecraft:crafting_table":11,"minecraft:lectern":7,"minecraft:tall_grass":2,"minecraft:coal_ore":168,"minecraft:gravel":74,"biomesoplenty:stringy_cobweb":1,"minecraft:cobweb":5},"minecraft:dropped":{"minecraft:iron_sword":1,"minecraft:baked_potato":10,"minecraft:glow_ink_sac":21,"minecraft:glow_berries":1,"jujutsucraft:sickle":1,"minecraft:grass":1,"minecraft:cut_sandstone":10,"minecraft:wooden_sword":1,"minecraft:bone_block":1,"minecraft:sand":42,"minecraft:bone":10,"minecraft:gravel":28,"alexsmobs:centipede_leg":2,"minecraft:stone_axe":1,"alexsmobs:animal_dictionary":1,"minecraft:cobbled_deepslate":7,"minecraft:wheat":2,"tombstone:gift":2,"minecraft:rotten_flesh":6,"minecraft:golden_shovel":1,"alexsmobs:kangaroo_hide":1,"minecraft:poppy":4,"minecraft:acacia_sapling":1,"minecraft:oak_slab":2,"minecraft:vine":3,"minecraft:wheat_seeds":5,"minecraft:mossy_cobblestone":3,"minecraft:stick":1,"minecraft:golden_carrot":12,"minecraft:torch":1,"minecraft:wooden_axe":1,"minecraft:rabbit":5,"tombstone:grave_dust":1,"minecraft:cactus":5,"jujutsucraft:dragon_bone":2,"minecraft:chiseled_sandstone":5,"alexsmobs:maggot":6,"jujutsucraft:uniform_normal_leggings":1,"minecraft:stone_sword":1,"minecraft:raw_copper":3,"minecraft:deepslate":12,"minecraft:tuff":6,"minecraft:cobbled_deepslate_slab":3,"jujutsucraft:uniform_normal_chestplate":1,"minecraft:flint_and_steel":1,"minecraft:stone":30,"alexsmobs:cockroach_wing_fragment":3,"minecraft:oak_sapling":14,"minecraft:stone_pressure_plate":1,"minecraft:sandstone":126,"jujutsucraft:uniform_normal_boots":1,"biomesoplenty:stringy_cobweb":1,"biomesoplenty:webbing":2},"minecraft:picked_up":{"minecraft:wheat":1,"minecraft:golden_shovel":1,"minecraft:string":6,"minecraft:raw_copper":3,"minecraft:cobbled_deepslate":42,"minecraft:furnace":11,"minecraft:stick":25,"minecraft:torch":10,"minecraft:green_bed":2,"minecraft:vine":3,"alexsmobs:centipede_leg":2,"minecraft:cactus":3,"jujutsucraft:naginata":1,"minecraft:rotten_flesh":6,"biomesoplenty:palm_log":34,"minecraft:obsidian":4,"minecraft:cobblestone":133,"minecraft:andesite":1,"minecraft:flint":4,"minecraft:tuff":6,"alexsmobs:cooked_kangaroo_meat":2,"minecraft:lapis_lazuli":78,"minecraft:bone":6,"minecraft:wheat_seeds":5,"biomesoplenty:webbing":2,"minecraft:cobbled_deepslate_slab":2,"minecraft:rabbit":5,"minecraft:oak_planks":1,"minecraft:sand":33,"minecraft:jungle_planks":1,"minecraft:chiseled_sandstone":5,"minecraft:mossy_cobblestone":1,"alexsmobs:kangaroo_hide":1,"minecraft:diamond":15,"minecraft:deepslate":86,"minecraft:grass":1,"minecraft:golden_apple":2,"alexsmobs:maggot":6,"minecraft:oak_sapling":14,"minecraft:crafting_table":11,"minecraft:flint_and_steel":2,"minecraft:poppy":4,"minecraft:lectern":7,"minecraft:raw_iron":183,"minecraft:sandstone":89,"biomesoplenty:stringy_cobweb":1,"minecraft:stone":12,"jujutsucraft:sickle":1,"minecraft:raw_gold_block":27,"minecraft:carrot":21,"minecraft:stone_pressure_plate":2,"minecraft:hay_block":5,"minecraft:glow_berries":1,"alexsmobs:kangaroo_meat":2,"minecraft:bone_block":3,"minecraft:golden_carrot":12,"minecraft:glow_ink_sac":21,"minecraft:cut_sandstone":12,"jujutsucraft:sukuna_finger":1,"minecraft:oak_log":59,"minecraft:yellow_glazed_terracotta":10,"minecraft:golden_boots":1,"minecraft:orange_terracotta":2,"minecraft:apple":3,"alexsmobs:cockroach_wing_fragment":3,"minecraft:rabbit_hide":3,"minecraft:iron_ingot":25,"minecraft:acacia_sapling":1,"minecraft:book":71,"jujutsucraft:dragon_bone":2,"minecraft:oak_slab":4,"minecraft:gravel":77,"minecraft:blast_furnace":2,"minecraft:white_bed":2,"tombstone:magic_scroll":1,"minecraft:coal":272},"minecraft:used":{"minecraft:iron_shovel":70,"minecraft:bone_block":2,"minecraft:shield":23,"minecraft:iron_sword":21,"minecraft:iron_chestplate":2,"jujutsucraft:sukuna_finger":1,"jujutsucraft:clothes_fushiguro_toji_leggings":2,"minecraft:jungle_planks":1,"jujutsucraft:clothes_zenin_boots":1,"minecraft:iron_helmet":3,"minecraft:raw_gold_block":1,"jujutsucraft:clothes_sukuna_fushiguro_chestplate":1,"minecraft:furnace":10,"minecraft:golden_boots":1,"minecraft:stone_pickaxe":131,"minecraft:oak_planks":10,"minecraft:wooden_pickaxe":59,"minecraft:sandstone":12,"minecraft:golden_apple":3,"minecraft:blast_furnace":2,"minecraft:lectern":8,"tombstone:grave_key":15,"minecraft:deepslate":1,"minecraft:gravel":46,"minecraft:wooden_sword":1,"jujutsucraft:uniform_normal_leggings":2,"minecraft:andesite":1,"minecraft:cobweb":3,"minecraft:torch":172,"minecraft:wooden_axe":35,"minecraft:iron_axe":97,"minecraft:iron_boots":1,"tombstone:gift":4,"minecraft:cobbled_deepslate":32,"minecraft:orange_terracotta":1,"minecraft:iron_leggings":2,"minecraft:water_bucket":1,"minecraft:cut_sandstone":2,"minecraft:fletching_table":1,"minecraft:green_bed":2,"minecraft:oak_slab":4,"minecraft:crafting_table":12,"minecraft:white_bed":1,"jujutsucraft:uniform_normal_chestplate":1,"minecraft:diamond_pickaxe":4,"minecraft:iron_pickaxe":415,"jujutsucraft:dragon_bone":4,"jujutsucraft:naginata":7,"minecraft:stone_axe":19,"minecraft:cobblestone":68,"minecraft:cobbled_deepslate_slab":5,"minecraft:bucket":2,"alexsmobs:animal_dictionary":1},"minecraft:crafted":{"minecraft:oak_planks":156,"minecraft:smooth_stone":3,"minecraft:stone":3,"minecraft:bookshelf":1,"minecraft:iron_boots":4,"minecraft:oak_slab":6,"minecraft:emerald":4,"minecraft:crafting_table":2,"minecraft:wooden_pickaxe":1,"minecraft:baked_potato":10,"minecraft:iron_helmet":4,"minecraft:fletching_table":2,"minecraft:lectern":1,"minecraft:iron_chestplate":4,"minecraft:diamond_pickaxe":1,"minecraft:shield":1,"minecraft:stick":180,"minecraft:iron_ingot":115,"minecraft:iron_pickaxe":1,"minecraft:stone_sword":1,"minecraft:gold_ingot":225,"minecraft:golden_carrot":12,"minecraft:wooden_sword":1,"minecraft:cobbled_deepslate_slab":6,"minecraft:furnace":2,"minecraft:blast_furnace":1,"minecraft:iron_axe":1,"minecraft:stone_pickaxe":1,"minecraft:wheat":45,"minecraft:enchanting_table":1,"minecraft:iron_sword":1,"minecraft:bucket":1,"minecraft:stone_axe":1,"minecraft:bread":15,"minecraft:air":0,"minecraft:golden_apple":3,"minecraft:gold_nugget":99,"minecraft:raw_gold":216,"minecraft:wooden_axe":1,"minecraft:iron_shovel":1,"minecraft:iron_leggings":4,"minecraft:torch":172},"minecraft:killed_by":{"jujutsucraft:cursed_spirit_grade_24":1,"jujutsucraft:awasaka_jiro":2,"jujutsucraft:cursed_spirit_grade_05":2,"jujutsucraft:cursed_spirit_grade_03":9,"jujutsucraft:cursed_spirit_grade_22":13,"jujutsucraft:cursed_spirit_grade_26":2,"jujutsucraft:cursed_spirit_grade_08":1,"jujutsucraft:fushiguro_toji":1,"jujutsucraft:sukuna":14,"jujutsucraft:cursed_spirit_grade_04":2,"jujutsucraft:cursed_spirit_grade_23":1,"jujutsucraft:ishigori_ryu":1,"jujutsucraft:cursed_spirit_grade_21":1,"jujutsucraft:cursed_spirit_grade_16":5,"jujutsucraft:cursed_spirit_grade_312":1,"jujutsucraft:cursed_spirit_grade_11":1,"jujutsucraft:cursed_spirit_grade_12":1,"jujutsucraft:kashimo_hajime":23,"jujutsucraft:hanami":2,"jujutsucraft:cursed_spirit_grade_315":1,"jujutsucraft:fushiguro_toji_bug":1,"jujutsucraft:gojo_satoru":2,"jujutsucraft:okkotsu_yuta":1,"jujutsucraft:sukuna_fushiguro":5,"jujutsucraft:zenin_jinichi":1,"jujutsucraft:jogo":14},"minecraft:broken":{"minecraft:golden_boots":1,"minecraft:iron_boots":4,"minecraft:iron_chestplate":4,"minecraft:iron_leggings":4,"minecraft:stone_pickaxe":1,"minecraft:wooden_pickaxe":1,"minecraft:shield":1,"minecraft:iron_helmet":4},"minecraft:custom":{"minecraft:interact_with_crafting_table":37,"minecraft:open_barrel":2,"minecraft:leave_game":7,"minecraft:time_since_death":9296,"minecraft:damage_resisted":73776,"minecraft:sprint_one_cm":2148144,"minecraft:damage_blocked_by_shield":428,"minecraft:drop":98,"minecraft:talked_to_villager":10,"minecraft:play_time":404713,"minecraft:deaths":110,"minecraft:jump":7632,"minecraft:walk_on_water_one_cm":81561,"minecraft:interact_with_furnace":82,"minecraft:traded_with_villager":4,"minecraft:sleep_in_bed":3,"minecraft:damage_dealt":545,"minecraft:player_kills":4,"minecraft:crouch_one_cm":2099,"tombstone:undead_killed":1,"tombstone:villager_killed":1,"minecraft:mob_kills":430,"minecraft:damage_dealt_resisted":189495,"minecraft:climb_one_cm":7058,"minecraft:walk_one_cm":1028842,"minecraft:damage_dealt_absorbed":160,"minecraft:sneak_time":1174,"minecraft:walk_under_water_one_cm":27478,"minecraft:interact_with_blast_furnace":20,"minecraft:total_world_time":404713,"tombstone:raider_killed":24,"minecraft:time_since_rest":9000,"minecraft:damage_taken":52458,"minecraft:damage_absorbed":660,"tombstone:cast_on_ally":0,"minecraft:swim_one_cm":24505,"minecraft:fly_one_cm":3496483,"minecraft:open_chest":66,"minecraft:fall_one_cm":365238}},"DataVersion":3465}