{"stats":{"minecraft:mined":{"minecraft:crafting_table":1,"minecraft:dead_bush":1,"minecraft:hay_block":12,"minecraft:birch_log":14,"minecraft:grass":2,"minecraft:oak_log":6,"minecraft:coal_ore":19,"minecraft:stone":4,"minecraft:green_bed":1,"minecraft:oak_leaves":1},"minecraft:killed":{"jujutsucraft:cursed_spirit_grade_33":4,"naturalist:tortoise":1,"minecraft:squid":1,"jujutsucraft:cursed_spirit_grade_39":2,"jujutsucraft:cursed_spirit_grade_314":1,"minecraft:bee":1,"jujutsucraft:cursed_spirit_grade_310":1,"naturalist:lizard":1,"alexsmobs:fly":2,"jujutsucraft:cursed_spirit_grade_315":1,"jujutsucraft:cursed_spirit_grade_34":2,"minecraft:cow":2},"minecraft:dropped":{"jujutsucraft:uniform_gojo_boots":1,"jujutsucraft:uniform_normal_leggings":3,"alexsmobs:animal_dictionary":1,"jujutsucraft:uniform_gojo_leggings":2,"jujutsucraft:uniform_normal_chestplate":2,"jujutsucraft:item_insect":1,"jujutsucraft:sunglasses_helmet":1,"jujutsucraft:uniform_normal_boots":2,"jujutsucraft:uniform_gojo_chestplate":1},"minecraft:killed_by":{"jujutsucraft:sukuna_fushiguro":1,"minecraft:player":2,"jujutsucraft:inumaki_toge":1,"jujutsucraft:cursed_spirit_grade_16":1,"jujutsucraft:cursed_spirit_grade_314":1},"minecraft:picked_up":{"minecraft:birch_log":14,"minecraft:crafting_table":1,"minecraft:wheat":216,"jujutsucraft:uniform_gojo_boots":1,"minecraft:leather":3,"jujutsucraft:uniform_normal_boots":1,"minecraft:oak_log":6,"jujutsucraft:uniform_normal_leggings":2,"minecraft:beef":6,"minecraft:birch_sapling":1,"minecraft:stick":3,"jujutsucraft:item_insect":1,"minecraft:acacia_log":1,"minecraft:green_bed":3,"jujutsucraft:uniform_gojo_leggings":2,"jujutsucraft:uniform_normal_chestplate":2,"jujutsucraft:uniform_gojo_chestplate":1,"jujutsucraft:sunglasses_helmet":1,"alexsmobs:animal_dictionary":1,"minecraft:hay_block":12,"jujutsucraft:clothes_sukuna_fushiguro_chestplate":2,"minecraft:bread":6,"alexsmobs:maggot":1,"minecraft:oak_sapling":1,"minecraft:coal":19,"minecraft:cobblestone":8},"minecraft:custom":{"minecraft:mob_kills":20,"minecraft:interact_with_crafting_table":1,"minecraft:damage_dealt_resisted":1235,"minecraft:time_since_death":210,"minecraft:damage_resisted":728,"minecraft:time_since_rest":241,"minecraft:sprint_one_cm":174246,"minecraft:damage_taken":3533,"minecraft:walk_one_cm":72986,"minecraft:drop":14,"minecraft:damage_dealt":683,"minecraft:talked_to_villager":2,"minecraft:swim_one_cm":56753,"minecraft:player_kills":1,"minecraft:fly_one_cm":256876,"minecraft:open_chest":1,"minecraft:crouch_one_cm":351,"minecraft:play_time":29158,"minecraft:deaths":7,"minecraft:sneak_time":165,"minecraft:walk_under_water_one_cm":15228,"minecraft:jump":594,"minecraft:walk_on_water_one_cm":14285,"minecraft:total_world_time":29158,"minecraft:fall_one_cm":14902},"minecraft:used":{"minecraft:wooden_pickaxe":23,"jujutsucraft:uniform_normal_boots":3,"minecraft:crafting_table":1,"jujutsucraft:clothes_fushiguro_toji_leggings":1,"jujutsucraft:uniform_normal_chestplate":2,"jujutsucraft:clothes_zenin_boots":4,"minecraft:wooden_axe":15,"jujutsucraft:clothes_sukuna_fushiguro_chestplate":2,"minecraft:wooden_sword":1,"jujutsucraft:uniform_normal_leggings":1,"alexsmobs:animal_dictionary":1},"minecraft:crafted":{"minecraft:wooden_sword":1,"minecraft:crafting_table":1,"minecraft:wooden_pickaxe":1,"minecraft:birch_planks":28,"minecraft:stick":12,"minecraft:wooden_axe":1,"minecraft:wheat":108}},"DataVersion":3465}