{"stats":{"minecraft:broken":{"minecraft:stone_pickaxe":1,"minecraft:iron_helmet":1,"minecraft:wooden_pickaxe":1},"minecraft:killed":{"jujutsucraft:cursed_spirit_grade_32":2,"jujutsucraft:cursed_spirit_grade_31":2,"jujutsucraft:cursed_spirit_grade_33":9,"naturalist:firefly":1,"minecraft:iron_golem":1,"naturalist:rhino":1,"jujutsucraft:cursed_spirit_grade_39":4,"jujutsucraft:cursed_spirit_grade_314":3,"jujutsucraft:crow":1,"jujutsucraft:cursed_spirit_grade_310":2,"alexsmobs:gazelle":1,"jujutsucraft:cursed_spirit_grade_36":5,"naturalist:lizard":1,"alexsmobs:fly":2,"jujutsucraft:cursed_spirit_grade_317":8,"jujutsucraft:cursed_spirit_grade_315":1,"jujutsucraft:cursed_spirit_grade_34":2,"jujutsucraft:transfigured_human_1":2,"alexsmobs:kangaroo":2},"minecraft:custom":{"minecraft:interact_with_furnace":26,"minecraft:mob_kills":52,"minecraft:interact_with_crafting_table":9,"minecraft:damage_dealt_resisted":7460,"minecraft:leave_game":1,"minecraft:time_since_death":87,"minecraft:sleep_in_bed":2,"minecraft:climb_one_cm":5152,"minecraft:damage_resisted":1900,"minecraft:time_since_rest":1,"minecraft:sprint_one_cm":372357,"minecraft:damage_taken":9494,"minecraft:walk_one_cm":178900,"minecraft:drop":23,"minecraft:damage_dealt":429,"minecraft:swim_one_cm":9100,"minecraft:fly_one_cm":455146,"minecraft:open_chest":6,"minecraft:crouch_one_cm":96,"minecraft:play_time":130084,"minecraft:deaths":23,"minecraft:sneak_time":57,"minecraft:walk_under_water_one_cm":7507,"minecraft:jump":1554,"minecraft:walk_on_water_one_cm":5916,"minecraft:total_world_time":130084,"minecraft:fall_one_cm":48462},"minecraft:killed_by":{"jujutsucraft:awasaka_jiro":1,"jujutsucraft:cursed_spirit_grade_312":1,"jujutsucraft:cursed_spirit_grade_11":1,"jujutsucraft:cursed_spirit_grade_12":1,"jujutsucraft:cursed_spirit_grade_05":2,"jujutsucraft:kashimo_hajime":11,"jujutsucraft:cursed_spirit_grade_22":1,"jujutsucraft:cursed_spirit_grade_26":1,"jujutsucraft:cursed_spirit_grade_08":1,"jujutsucraft:sukuna":1,"jujutsucraft:fushiguro_toji_bug":1,"jujutsucraft:cursed_spirit_grade_23":1},"minecraft:dropped":{"minecraft:stone_axe":1,"alexsmobs:maggot":1,"minecraft:vine":3,"minecraft:wheat_seeds":4,"jujutsucraft:uniform_normal_leggings":1,"minecraft:stone_sword":1,"tombstone:gift":2,"jujutsucraft:uniform_normal_chestplate":1,"minecraft:poppy":2,"minecraft:stone":1,"minecraft:wooden_axe":1,"tombstone:grave_dust":1,"minecraft:oak_sapling":13,"minecraft:wooden_sword":1,"jujutsucraft:uniform_normal_boots":1},"minecraft:mined":{"biomesoplenty:desert_grass":4,"minecraft:crafting_table":4,"minecraft:jungle_planks":1,"minecraft:tall_grass":2,"minecraft:cobblestone":5,"minecraft:oak_planks":1,"minecraft:hay_block":5,"minecraft:furnace":5,"minecraft:carrots":6,"minecraft:iron_ore":94,"minecraft:grass":10,"minecraft:oak_log":39,"minecraft:bookshelf":12,"minecraft:coal_ore":122,"minecraft:gravel":1,"minecraft:stone":106,"minecraft:oak_leaves":5},"minecraft:used":{"minecraft:stone_pickaxe":131,"minecraft:oak_planks":10,"minecraft:wooden_pickaxe":59,"minecraft:iron_sword":18,"minecraft:iron_chestplate":1,"minecraft:crafting_table":5,"jujutsucraft:clothes_fushiguro_toji_leggings":2,"minecraft:jungle_planks":1,"jujutsucraft:uniform_normal_chestplate":1,"jujutsucraft:clothes_zenin_boots":1,"minecraft:wooden_axe":35,"minecraft:iron_axe":1,"minecraft:iron_pickaxe":143,"minecraft:iron_helmet":1,"tombstone:grave_key":3,"jujutsucraft:clothes_sukuna_fushiguro_chestplate":1,"minecraft:stone_axe":19,"minecraft:wooden_sword":1,"minecraft:cobblestone":6,"jujutsucraft:uniform_normal_leggings":2,"minecraft:furnace":4,"tombstone:gift":2,"minecraft:iron_leggings":1},"minecraft:crafted":{"minecraft:wooden_sword":1,"minecraft:oak_planks":156,"minecraft:crafting_table":1,"minecraft:baked_potato":10,"minecraft:wooden_pickaxe":1,"minecraft:iron_helmet":1,"minecraft:iron_sword":1,"minecraft:furnace":1,"minecraft:stone_axe":1,"minecraft:air":0,"minecraft:iron_boots":1,"minecraft:iron_chestplate":1,"minecraft:shield":1,"minecraft:iron_axe":1,"minecraft:stick":12,"minecraft:iron_ingot":51,"minecraft:iron_pickaxe":1,"minecraft:wooden_axe":1,"minecraft:stone_pickaxe":1,"minecraft:stone_sword":1,"minecraft:iron_leggings":1},"minecraft:picked_up":{"minecraft:crafting_table":4,"minecraft:oak_log":39,"minecraft:apple":3,"minecraft:wheat_seeds":5,"minecraft:iron_ingot":4,"minecraft:poppy":2,"minecraft:acacia_sapling":1,"minecraft:oak_planks":1,"minecraft:furnace":5,"minecraft:book":27,"minecraft:stick":17,"minecraft:raw_iron":123,"minecraft:stone":1,"minecraft:gravel":1,"minecraft:jungle_planks":1,"minecraft:carrot":21,"minecraft:vine":3,"minecraft:hay_block":5,"alexsmobs:maggot":1,"minecraft:oak_sapling":13,"minecraft:coal":181,"minecraft:cobblestone":109}},"DataVersion":3465}