{"stats":{"minecraft:broken":{"minecraft:iron_boots":3,"minecraft:iron_chestplate":3,"minecraft:iron_leggings":3,"minecraft:wooden_pickaxe":1,"minecraft:stone_pickaxe":1,"minecraft:shield":1,"minecraft:iron_helmet":3},"minecraft:killed":{"jujutsucraft:cursed_spirit_grade_32":5,"jujutsucraft:cursed_spirit_grade_31":2,"jujutsucraft:cursed_spirit_grade_33":11,"jujutsucraft:cursed_spirit_grade_37":1,"jujutsucraft:cursed_spirit_grade_35":1,"jujutsucraft:cursed_spirit_grade_316":3,"jujutsucraft:cursed_spirit_grade_26":2,"jujutsucraft:cursed_spirit_grade_22":1,"jujutsucraft:transfigured_human_2":1,"alexsmobs:rattlesnake":1,"jujutsucraft:cursed_spirit_grade_39":7,"jujutsucraft:fox_fire":9,"minecraft:fox":1,"jujutsucraft:cursed_spirit_grade_317":9,"jujutsucraft:cursed_spirit_grade_34":9,"jujutsucraft:transfigured_human_1":2,"alexsmobs:kangaroo":3,"naturalist:firefly":1,"minecraft:iron_golem":1,"naturalist:rhino":1,"alexsmobs:emu":2,"jujutsucraft:cursed_spirit_grade_314":3,"jujutsucraft:crow":1,"jujutsucraft:cursed_spirit_grade_310":2,"alexsmobs:gazelle":1,"jujutsucraft:cursed_spirit_grade_36":8,"alexsmobs:fly":4,"naturalist:lizard":1,"jujutsucraft:cursed_spirit_grade_315":2},"minecraft:custom":{"minecraft:mob_kills":100,"minecraft:interact_with_crafting_table":17,"minecraft:damage_dealt_resisted":24914,"minecraft:leave_game":4,"minecraft:time_since_death":0,"minecraft:climb_one_cm":5152,"minecraft:damage_resisted":11468,"minecraft:sprint_one_cm":717405,"minecraft:walk_one_cm":312620,"minecraft:damage_blocked_by_shield":428,"minecraft:drop":29,"minecraft:play_time":188211,"minecraft:deaths":72,"minecraft:sneak_time":63,"minecraft:walk_under_water_one_cm":15445,"minecraft:jump":2842,"minecraft:walk_on_water_one_cm":5916,"minecraft:total_world_time":188211,"minecraft:interact_with_furnace":34,"minecraft:sleep_in_bed":2,"minecraft:time_since_rest":16,"minecraft:damage_taken":27715,"minecraft:damage_dealt":429,"minecraft:swim_one_cm":9100,"minecraft:fly_one_cm":1026362,"minecraft:open_chest":6,"minecraft:crouch_one_cm":96,"minecraft:fall_one_cm":90957},"minecraft:killed_by":{"jujutsucraft:cursed_spirit_grade_24":1,"jujutsucraft:awasaka_jiro":1,"jujutsucraft:cursed_spirit_grade_312":1,"jujutsucraft:cursed_spirit_grade_11":1,"jujutsucraft:cursed_spirit_grade_12":1,"jujutsucraft:cursed_spirit_grade_05":2,"jujutsucraft:cursed_spirit_grade_03":9,"jujutsucraft:kashimo_hajime":19,"jujutsucraft:cursed_spirit_grade_22":8,"jujutsucraft:cursed_spirit_grade_26":2,"jujutsucraft:cursed_spirit_grade_08":1,"jujutsucraft:sukuna":8,"jujutsucraft:cursed_spirit_grade_315":1,"jujutsucraft:fushiguro_toji_bug":1,"jujutsucraft:cursed_spirit_grade_23":1,"jujutsucraft:jogo":14},"minecraft:dropped":{"minecraft:vine":3,"minecraft:wheat_seeds":5,"minecraft:wooden_axe":1,"tombstone:grave_dust":1,"minecraft:wooden_sword":1,"jujutsucraft:dragon_bone":1,"minecraft:gravel":1,"minecraft:stone_axe":1,"alexsmobs:maggot":1,"jujutsucraft:uniform_normal_leggings":1,"minecraft:stone_sword":1,"alexsmobs:animal_dictionary":1,"tombstone:gift":2,"jujutsucraft:uniform_normal_chestplate":1,"alexsmobs:kangaroo_hide":1,"minecraft:poppy":2,"minecraft:stone":1,"minecraft:acacia_sapling":1,"minecraft:oak_sapling":13,"jujutsucraft:uniform_normal_boots":1},"minecraft:used":{"minecraft:shield":23,"minecraft:iron_sword":21,"minecraft:iron_chestplate":1,"minecraft:torch":6,"minecraft:jungle_planks":1,"jujutsucraft:clothes_fushiguro_toji_leggings":2,"jujutsucraft:clothes_zenin_boots":1,"minecraft:wooden_axe":35,"minecraft:iron_axe":4,"minecraft:iron_helmet":2,"jujutsucraft:clothes_sukuna_fushiguro_chestplate":1,"minecraft:furnace":6,"tombstone:gift":2,"minecraft:iron_leggings":1,"minecraft:stone_pickaxe":131,"minecraft:oak_planks":10,"minecraft:wooden_pickaxe":59,"minecraft:crafting_table":7,"minecraft:white_bed":1,"jujutsucraft:uniform_normal_chestplate":1,"minecraft:iron_pickaxe":179,"tombstone:grave_key":12,"jujutsucraft:dragon_bone":1,"minecraft:stone_axe":19,"minecraft:wooden_sword":1,"minecraft:cobblestone":6,"jujutsucraft:uniform_normal_leggings":2,"alexsmobs:animal_dictionary":1},"minecraft:mined":{"minecraft:white_bed":2,"biomesoplenty:desert_grass":4,"minecraft:jungle_planks":1,"biomesoplenty:dead_grass":1,"minecraft:hay_block":5,"minecraft:furnace":7,"minecraft:carrots":6,"minecraft:iron_ore":99,"minecraft:bookshelf":12,"minecraft:stone":110,"minecraft:crafting_table":6,"minecraft:dead_bush":4,"minecraft:tall_grass":2,"minecraft:cobblestone":5,"minecraft:oak_planks":1,"minecraft:grass":10,"minecraft:oak_log":39,"minecraft:coal_ore":147,"minecraft:gravel":1,"minecraft:oak_leaves":5},"minecraft:crafted":{"minecraft:wooden_sword":1,"minecraft:oak_planks":156,"minecraft:furnace":1,"minecraft:iron_boots":3,"minecraft:iron_axe":1,"minecraft:stone_pickaxe":1,"minecraft:wheat":45,"minecraft:crafting_table":2,"minecraft:wooden_pickaxe":1,"minecraft:baked_potato":10,"minecraft:iron_helmet":3,"minecraft:iron_sword":1,"minecraft:stone_axe":1,"minecraft:bread":15,"minecraft:air":0,"minecraft:iron_chestplate":3,"minecraft:shield":1,"minecraft:stick":12,"minecraft:iron_ingot":85,"minecraft:iron_pickaxe":1,"minecraft:wooden_axe":1,"minecraft:stone_sword":1,"minecraft:iron_leggings":3,"minecraft:torch":12},"minecraft:picked_up":{"minecraft:crafting_table":6,"minecraft:wheat":1,"minecraft:poppy":2,"minecraft:furnace":7,"minecraft:sandstone":55,"minecraft:stick":21,"minecraft:raw_iron":128,"minecraft:stone":4,"minecraft:vine":3,"minecraft:carrot":21,"minecraft:rotten_flesh":6,"minecraft:hay_block":5,"alexsmobs:kangaroo_meat":2,"minecraft:cobblestone":115,"minecraft:oak_log":39,"alexsmobs:cooked_kangaroo_meat":2,"minecraft:bone":6,"minecraft:apple":3,"minecraft:wheat_seeds":5,"minecraft:iron_ingot":13,"minecraft:oak_planks":1,"minecraft:acacia_sapling":1,"minecraft:book":27,"jujutsucraft:dragon_bone":2,"minecraft:gravel":4,"minecraft:sand":27,"minecraft:jungle_planks":1,"minecraft:white_bed":2,"minecraft:mossy_cobblestone":1,"alexsmobs:kangaroo_hide":1,"alexsmobs:maggot":1,"minecraft:oak_sapling":13,"minecraft:coal":225}},"DataVersion":3465}