{"stats":{"minecraft:picked_up":{"illagerinvasion:platinum_chunk":11,"minecraft:anvil":4,"minecraft:prismarine_shard":1,"minecraft:smithing_table":1,"minecraft:stone_slab":2,"minecraft:diamond_sword":1,"alexscaves:cave_tablet":2,"minecraft:oak_stairs":1,"minecraft:golden_sword":1,"minecraft:amethyst_block":2,"minecraft:string":35,"epicpaladins:bloodstone_gem":3,"minecraft:red_nether_bricks":38,"biomesoplenty:tall_lavender":1,"minecraft:gold_nugget":198,"minecraft:sea_pickle":2,"minecraft:deepslate_tiles":3,"minecraft:cobbled_deepslate":341,"minecraft:horn_coral_block":1,"minecraft:spruce_planks":1,"minecraft:white_tulip":2,"minecraft:melon_slice":6,"minecraft:iron_boots":2,"minecraft:furnace":15,"minecraft:stick":40,"epicpaladins:arclight_gem":9,"minecraft:torch":6,"iceandfire:dragonscales_white":14,"minecraft:porkchop":18,"minecraft:golden_axe":2,"tombstone:grave_dust":7,"cardinal_sins:stone_greatsword":3,"undead_revamp2:cloogerribs":30,"minecraft:stone_sword":3,"slashblade:proudsoul":1,"minecraft:rotten_flesh":80,"biomesoplenty:mahogany_sapling":4,"iceandfire:fire_dragon_heart":2,"minecraft:red_tulip":2,"minecraft:mangrove_roots":3,"minecraft:blaze_rod":3,"minecraft:obsidian":4,"minecraft:iron_bars":1,"minecraft:cod":3,"minecraft:cobblestone":260,"biomesoplenty:lavender":5,"minecraft:feather":10,"minecraft:water_bucket":1,"minecraft:andesite":247,"minecraft:smoker":9,"minecraft:potato":32,"paraglider:spirit_orb":12,"minecraft:tuff":2,"undead_revamp2:huntereye":2,"minecraft:dirt":73,"minecraft:lapis_lazuli":73,"minecraft:name_tag":2,"minecraft:twisting_vines":2,"minecraft:leather_boots":2,"minecraft:bone":97,"minecraft:bow":1,"minecraft:wheat_seeds":31,"minecraft:cobbled_deepslate_slab":1,"minecraft:raw_gold":8,"alexsmobs:blobfish":1,"minecraft:oak_planks":7,"biomesoplenty:jacaranda_boat":3,"royalvariations:royal_bone":1,"iceandfire:dragon_skull_fire":1,"minecraft:sand":45,"minecraft:jungle_planks":2,"sophisticatedbackpacks:iron_backpack":1,"minecraft:nether_brick_stairs":11,"minecraft:ink_sac":3,"minecraft:loom":1,"iceandfire:frozen_dirt":4,"minecraft:barrel":1,"alexsmobs:animal_dictionary":1,"minecraft:mossy_cobblestone":2,"minecraft:bundle":5,"cataclysm:lionfish":1,"minecraft:diamond":22,"minecraft:ladder":1,"minecraft:cracked_polished_blackstone_bricks":59,"minecraft:bread":33,"minecraft:emerald":40,"minecraft:bubble_coral_block":1,"iceandfire:armor_silver_helmet":1,"minecraft:oak_sapling":24,"minecraft:netherrack":46,"minecraft:dark_oak_fence":2,"iceandfire:silver_nugget":18,"ars_nouveau:red_archwood_log":1,"minecraft:coarse_dirt":1,"minecraft:crafting_table":48,"minecraft:azure_bluet":1,"minecraft:chicken":6,"iceandfire:witherbone":6,"minecraft:nether_wart":1,"minecraft:redstone_lamp":2,"minecraft:wooden_pickaxe":1,"minecraft:gold_block":33,"biomesoplenty:jacaranda_sapling":27,"minecraft:shield":1,"iceandfire:sea_serpent_scales_blue":8,"iceandfire:frozen_grass":2,"minecraft:iron_axe":1,"iceandfire:frozen_stone":7,"minecraft:blackstone":13,"graveyard:corruption":41,"minecraft:cracked_stone_bricks":3,"minecraft:beef":15,"minecraft:oak_boat":1,"minecraft:iron_nugget":7,"minecraft:poppy":2,"minecraft:light_gray_wool":1,"minecraft:spruce_slab":1,"minecraft:lectern":1,"minecraft:birch_sapling":2,"iceandfire:ice_dragon_heart":2,"minecraft:dark_oak_sapling":1,"minecraft:raw_iron":119,"iceandfire:dragonbone":51,"iceandfire:dragonscales_gray":14,"minecraft:copper_ingot":5,"sophisticatedbackpacks:backpack":1,"minecraft:polished_blackstone_bricks":129,"graveyard:dark_iron_bars":1,"minecraft:carrot":2,"minecraft:redstone":1,"minecraft:prismarine_crystals":1,"minecraft:dark_oak_planks":1,"iceandfire:dragon_skull_ice":3,"minecraft:arrow":47,"biomesoplenty:jacaranda_log":63,"minecraft:nether_bricks":16,"iceandfire:chared_dirt":3,"iceandfire:dragonscales_silver":14,"minecraft:hay_block":21,"minecraft:tube_coral_block":1,"minecraft:gold_ingot":1,"tombstone:essence_of_undeath":3,"minecraft:mutton":3,"minecraft:bone_block":37,"minecraft:white_wool":2,"minecraft:stripped_oak_log":1,"minecraft:cracked_deepslate_tiles":2,"undead_revamp2:bostroxset_boots":2,"minecraft:basalt":5,"iceandfire:sea_serpent_fang":8,"minecraft:glow_ink_sac":2,"minecraft:salmon":9,"minecraft:leather":74,"minecraft:acacia_wood":4,"minecraft:oak_log":95,"iceandfire:ectoplasm":1,"minecraft:gunpowder":8,"minecraft:cobblestone_stairs":2,"iceandfire:dragonscales_blue":31,"minecraft:paper":1,"minecraft:cooked_mutton":2,"minecraft:red_nether_brick_stairs":6,"minecraft:kelp":19,"minecraft:apple":6,"minecraft:stone_bricks":4,"minecraft:iron_ingot":2,"minecraft:stone_pickaxe":1,"minecraft:cobweb":9,"tombstone:bag_of_seeds":4,"iceandfire:sea_serpent_scales_deepblue":7,"iceandfire:fire_dragon_flesh":16,"slashblade:proudsoul_tiny":5,"minecraft:book":210,"minecraft:scaffolding":17,"minecraft:oak_slab":2,"iceandfire:sea_serpent_scales_green":5,"minecraft:stone_brick_slab":1,"minecraft:dandelion":4,"minecraft:cracked_nether_bricks":3,"minecraft:gravel":14,"minecraft:blast_furnace":11,"minecraft:white_bed":1,"minecraft:nether_brick_slab":7,"minecraft:spider_eye":1,"undead_revamp2:rawbostrox":2,"alexsmobs:raw_catfish":6,"biomesoplenty:mahogany_log":25,"minecraft:slime_ball":14,"minecraft:iron_helmet":1,"iceandfire:ice_dragon_flesh":15,"minecraft:baked_potato":29,"tombstone:magic_scroll":3,"minecraft:dark_oak_wood":1,"minecraft:coal":554,"minecraft:sunflower":1},"minecraft:mined":{"minecraft:dark_oak_planks":1,"minecraft:spruce_planks":1,"minecraft:cobblestone_stairs":2,"minecraft:obsidian":4,"minecraft:grass_block":10,"minecraft:stripped_crimson_hyphae":2,"minecraft:cracked_polished_blackstone_bricks":3,"minecraft:stripped_warped_hyphae":1,"minecraft:nether_wart":1,"minecraft:spawner":6,"minecraft:light_blue_stained_glass":1,"minecraft:tall_seagrass":5,"minecraft:polished_blackstone_bricks":64,"minecraft:iron_ore":104,"minecraft:fire":3,"minecraft:cobbled_deepslate":7,"biomesoplenty:lavender":4,"minecraft:anvil":4,"minecraft:deepslate_lapis_ore":8,"minecraft:azure_bluet":1,"iceandfire:gold_pile":16,"minecraft:oak_stairs":1,"minecraft:iron_bars":2,"biomesoplenty:jacaranda_leaves":1,"minecraft:twisting_vines_plant":1,"minecraft:kelp_plant":2,"minecraft:red_bed":1,"minecraft:blackstone":1,"minecraft:smoker":8,"minecraft:amethyst_cluster":1,"iceandfire:dragon_ice_spikes":8,"minecraft:torch":1,"minecraft:blast_furnace":11,"minecraft:melon":1,"iceandfire:frozen_dirt":5,"minecraft:cobblestone":13,"graveyard:skeleton_hand":1,"graveyard:lying_skeleton":1,"minecraft:oak_planks":5,"minecraft:wall_torch":4,"minecraft:amethyst_block":4,"minecraft:seagrass":3,"graveyard:wither_skeleton_hand":1,"ars_nouveau:archwood_planks":1,"minecraft:stone_brick_stairs":1,"minecraft:cracked_deepslate_tiles":3,"minecraft:grass":53,"minecraft:oak_log":101,"minecraft:loom":1,"minecraft:sand":45,"minecraft:dirt":21,"minecraft:crimson_planks":1,"structure_gel:dynamic_spawner":9,"minecraft:deepslate":85,"minecraft:oak_leaves":16,"epicpaladins:arclight_ore":7,"minecraft:netherrack":70,"biomesoplenty:reed":2,"minecraft:deepslate_tiles":3,"biomesoplenty:watergrass":2,"minecraft:tuff":1,"minecraft:mossy_cobblestone":1,"minecraft:deepslate_diamond_ore":14,"minecraft:cobbled_deepslate_slab":1,"biomesoplenty:bush":2,"minecraft:dark_oak_fence":1,"minecraft:purple_terracotta":1,"iceandfire:frozen_stone":7,"minecraft:jungle_planks":2,"iceandfire:frozen_grass":2,"iceandfire:chared_dirt":3,"minecraft:kelp":1,"biomesoplenty:dune_grass":1,"minecraft:large_fern":3,"minecraft:hay_block":21,"biomesoplenty:jacaranda_log":51,"minecraft:furnace":14,"minecraft:acacia_wood":4,"minecraft:andesite":68,"minecraft:gold_block":37,"biomesoplenty:sea_oats":6,"minecraft:bookshelf":71,"minecraft:deepslate_iron_ore":17,"minecraft:vine":1,"minecraft:brain_coral_wall_fan":1,"minecraft:stripped_oak_log":1,"minecraft:stone":254,"minecraft:bone_block":38,"minecraft:brain_coral":1,"minecraft:smithing_table":1,"minecraft:oak_slab":1,"minecraft:stone_brick_slab":1,"minecraft:crafting_table":49,"undead_revamp2:bostrokestone":1,"minecraft:lectern":1,"minecraft:stone_slab":2,"minecraft:tall_grass":22,"minecraft:deepslate_coal_ore":4,"minecraft:lapis_ore":4,"minecraft:deepslate_gold_ore":7,"minecraft:diorite":1,"minecraft:coarse_dirt":1,"biomesoplenty:mahogany_log":25,"minecraft:ice":1,"minecraft:birch_leaves":4,"minecraft:coal_ore":256,"minecraft:gravel":4,"minecraft:cobweb":18,"minecraft:cracked_stone_bricks":3,"minecraft:spruce_fence_gate":1,"minecraft:stone_bricks":2,"minecraft:deepslate_emerald_ore":23,"minecraft:fern":3},"minecraft:dropped":{"minecraft:nether_brick_stairs":11,"minecraft:porkchop":1,"minecraft:baked_potato":3,"minecraft:glow_ink_sac":2,"minecraft:loom":1,"iceandfire:dragonscales_silver":2,"minecraft:glass_bottle":1,"cataclysm:lionfish":1,"minecraft:dark_oak_sapling":2,"minecraft:cooked_porkchop":4,"iceandfire:chared_dirt":2,"iceandfire:frozen_dirt":4,"iceandfire:ice_dragon_flesh":15,"iceandfire:fire_dragon_flesh":16,"minecraft:leather":3,"minecraft:cracked_stone_bricks":1,"graveyard:corruption":35,"paraglider:spirit_orb":2,"minecraft:cod":1,"minecraft:dirt":69,"minecraft:redstone_lamp":2,"tombstone:bag_of_seeds":1,"minecraft:dark_oak_fence":2,"iceandfire:tide_blue_boots":1,"minecraft:gold_nugget":7,"minecraft:wooden_sword":1,"minecraft:bubble_coral_block":1,"minecraft:sunflower":1,"minecraft:iron_pickaxe":1,"minecraft:bone":2,"minecraft:gravel":15,"undead_revamp2:huntereye":2,"minecraft:white_tulip":2,"minecraft:stone_axe":1,"minecraft:mangrove_roots":3,"undead_revamp2:bostroxset_boots":1,"minecraft:iron_nugget":1,"alexsmobs:animal_dictionary":1,"minecraft:cobbled_deepslate":132,"alexscaves:cave_tablet":2,"minecraft:birch_sapling":2,"tombstone:gift":1,"minecraft:rotten_flesh":30,"minecraft:oak_planks":9,"iceandfire:frozen_stone":6,"minecraft:cooked_mutton":3,"justhammers:iron_hammer":2,"minecraft:white_bed":2,"iceandfire:frozen_grass":2,"iceandfire:dragonscales_blue":19,"undead_revamp2:cloogerribs":5,"minecraft:poppy":2,"minecraft:leather_chestplate":1,"minecraft:gunpowder":8,"minecraft:ladder":1,"minecraft:leather_boots":3,"epicpaladins:arclight_pickaxe":1,"minecraft:spruce_slab":1,"cardinal_sins:stone_greatsword":2,"minecraft:cracked_nether_bricks":3,"minecraft:scaffolding":17,"undead_revamp2:rawbostrox":2,"biomesoplenty:tall_lavender":1,"ars_nouveau:wixie_shards":1,"minecraft:netherrack":5,"slashblade:proudsoul_tiny":6,"minecraft:water_bucket":1,"minecraft:enchanted_book":2,"minecraft:bread":42,"biomesoplenty:jacaranda_sapling":27,"minecraft:wheat_seeds":34,"iceandfire:armor_silver_leggings":1,"minecraft:prismarine_shard":1,"biomesoplenty:lavender":4,"minecraft:feather":10,"minecraft:golden_axe":3,"minecraft:iron_helmet":3,"minecraft:cobblestone":16,"minecraft:prismarine_crystals":1,"minecraft:spectral_arrow":1,"minecraft:amethyst_block":2,"iceandfire:armor_blue_boots":1,"minecraft:copper_ingot":4,"minecraft:chainmail_helmet":1,"minecraft:coal":75,"minecraft:stick":9,"ars_nouveau:worn_notebook":1,"illagerinvasion:platinum_chunk":11,"minecraft:diorite":26,"minecraft:golden_carrot":1,"minecraft:ink_sac":3,"minecraft:wooden_hoe":1,"minecraft:wooden_axe":1,"minecraft:melon_slice":6,"tombstone:grave_dust":7,"minecraft:iron_leggings":1,"iceandfire:ice_dragon_heart":2,"minecraft:pumpkin":27,"minecraft:iron_axe":2,"iceandfire:dragonscales_white":2,"minecraft:paper":1,"minecraft:string":1,"minecraft:bucket":1,"minecraft:redstone":1,"epicpaladins:arclight_gem":4,"ars_nouveau:caster_tome":1,"minecraft:dandelion":3,"iceandfire:dragonbone":18,"iceandfire:silver_nugget":18,"minecraft:furnace":1,"minecraft:nether_brick_slab":7,"iceandfire:dragonscales_gray":1,"minecraft:kelp":19,"slashblade:proudsoul":1,"minecraft:stone_sword":4,"iceandfire:armor_blue_chestplate":1,"iceandfire:armor_silver_helmet":2,"minecraft:tuff":2,"ars_nouveau:archwood_planks":1,"minecraft:light_gray_wool":1,"minecraft:iron_boots":4,"sophisticatedbackpacks:backpack":1,"iceandfire:dragon_skull_ice":2,"minecraft:name_tag":4,"minecraft:nether_bricks":16,"minecraft:red_nether_brick_stairs":6,"minecraft:filled_map":3,"minecraft:diamond_sword":1,"minecraft:shield":2,"minecraft:sea_pickle":2,"minecraft:allium":1,"minecraft:diamond_chestplate":1,"minecraft:bundle":2,"minecraft:iron_chestplate":1,"minecraft:andesite":76,"minecraft:oak_sapling":17,"minecraft:golden_sword":1,"minecraft:stone_bricks":2,"tombstone:essence_of_undeath":3,"iceandfire:fire_dragon_heart":2,"minecraft:bow":1,"minecraft:stone_pickaxe":2,"minecraft:wooden_pickaxe":1,"minecraft:raw_gold":1,"iceandfire:sea_serpent_fang":2,"graveyard:dark_iron_bars":1},"minecraft:crafted":{"epicpaladins:arclight_sword":1,"minecraft:smooth_stone":3,"minecraft:oak_planks":136,"ars_nouveau:archwood_planks":4,"minecraft:stone":3,"epicpaladins:arclight_pickaxe":1,"epicpaladins:bloodstone_axe":1,"minecraft:cooked_mutton":6,"minecraft:glass":21,"minecraft:bow":1,"minecraft:iron_boots":2,"iceandfire:armor_gray_helmet":1,"minecraft:chest":1,"alexsmobs:cooked_catfish":5,"iceandfire:armor_blue_boots":1,"minecraft:smoker":1,"iceandfire:tide_blue_boots":2,"sophisticatedbackpacks:backpack":1,"biomesoplenty:jacaranda_planks":72,"minecraft:cooked_porkchop":21,"iceandfire:armor_silver_leggings":1,"minecraft:crafting_table":7,"minecraft:wooden_pickaxe":1,"minecraft:baked_potato":50,"minecraft:iron_helmet":3,"iceandfire:tide_deepblue_leggings":1,"iceandfire:armor_gray_chestplate":1,"minecraft:iron_chestplate":2,"minecraft:wooden_hoe":1,"minecraft:shield":10,"iceandfire:armor_white_helmet":1,"minecraft:stick":60,"minecraft:iron_ingot":134,"minecraft:iron_pickaxe":1,"minecraft:iron_block":6,"minecraft:stone_sword":1,"minecraft:gold_ingot":64,"minecraft:golden_carrot":6,"minecraft:wooden_sword":4,"minecraft:leather_boots":1,"iceandfire:armor_blue_chestplate":1,"biomesoplenty:mahogany_planks":84,"minecraft:furnace":4,"minecraft:blast_furnace":1,"slashblade:slashblade_wood":3,"minecraft:iron_axe":1,"minecraft:stone_pickaxe":1,"minecraft:dark_oak_planks":4,"minecraft:wheat":189,"minecraft:cooked_beef":22,"paraglider:paraglider":1,"minecraft:cooked_cod":1,"biomesoplenty:jacaranda_boat":2,"minecraft:enchanting_table":1,"minecraft:cooked_salmon":9,"minecraft:bucket":1,"minecraft:stone_axe":1,"minecraft:bread":63,"minecraft:air":0,"iceandfire:armor_white_leggings":1,"justhammers:iron_hammer":2,"minecraft:white_wool":4,"minecraft:golden_apple":9,"minecraft:gold_nugget":63,"minecraft:wooden_axe":1,"minecraft:iron_shovel":1,"minecraft:iron_leggings":1,"minecraft:anvil":2,"minecraft:white_bed":1,"minecraft:torch":168,"iceandfire:armor_silver_helmet":1},"minecraft:killed":{"illagerinvasion:archivist":1,"minecraft:witch":1,"enemyexpansion:equestrian":1,"minecraft:spider":10,"undead_revamp2:clogger":1,"undead_revamp2:thesmoker":1,"minecraft:cod":3,"graveyard:wraith":14,"minecraft:skeleton":39,"undead_revamp2:deadclogger":1,"graveyard:acolyte":7,"minecraft:bee":1,"minecraft:chicken":2,"undead_revamp2:therod":1,"minecraft:piglin_brute":8,"minecraft:tropical_fish":1,"enemyexpansion:vampflyer":2,"minecraft:magma_cube":3,"minecraft:piglin":8,"minecraft:pig":8,"minecraft:zombie_villager":1,"minecraft:salmon":9,"minecraft:iron_golem":1,"minecraft:creeper":2,"minecraft:sheep":2,"minecraft:pillager":12,"cataclysm:deepling_brute":1,"minecraft:zombie":24,"cataclysm:deepling":1,"enemyexpansion:botfly":2,"graveyard:corrupted_pillager":22,"iceandfire:sea_serpent":4,"minecraft:blaze":5,"minecraft:cow":11,"minecraft:vex":2,"undead_revamp2:thehunter":7,"graveyard:corrupted_vindicator":19,"minecraft:vindicator":5,"alexsmobs:seagull":1,"enemyexpansion:direwolf":6,"iceandfire:fire_dragon":3,"iceandfire:siren":3,"lostfeatures:barnacle":2,"minecraft:drowned":43,"cataclysm:lionfish":1,"undead_revamp2:sucker":2,"cataclysm:deepling_angler":1,"minecraft:husk":2,"graveyard:ghoul":2,"undead_revamp2:the_moonflower":8,"minecraft:bat":1,"enemyexpansion:sprinter":2,"royalvariations:royal_zombie":2,"alexsmobs:catfish":3,"iceandfire:ghost":6,"enemyexpansion:huntsman":1,"iceandfire:ice_dragon":4,"minecraft:wither_skeleton":19,"cardinal_sins:stonewarrior":1},"minecraft:broken":{"minecraft:iron_chestplate":1,"iceandfire:armor_white_helmet":1,"iceandfire:armor_white_leggings":1,"slashblade:slashblade_wood":3,"minecraft:wooden_pickaxe":1,"minecraft:shield":7,"minecraft:iron_helmet":1},"minecraft:killed_by":{"minecraft:drowned":1,"iceandfire:fire_dragon":1},"minecraft:custom":{"minecraft:interact_with_crafting_table":151,"minecraft:open_barrel":88,"minecraft:leave_game":11,"minecraft:time_since_death":10566,"minecraft:sprint_one_cm":1722421,"minecraft:damage_blocked_by_shield":11035,"minecraft:drop":304,"minecraft:talked_to_villager":1,"minecraft:play_time":539262,"minecraft:deaths":25,"minecraft:jump":12307,"minecraft:walk_on_water_one_cm":150142,"minecraft:interact_with_furnace":116,"minecraft:interact_with_loom":9,"minecraft:sleep_in_bed":3,"minecraft:damage_dealt":90238,"minecraft:player_kills":1,"minecraft:crouch_one_cm":32891,"tombstone:undead_killed":179,"minecraft:interact_with_smoker":46,"minecraft:interact_with_smithing_table":4,"minecraft:interact_with_anvil":7,"minecraft:mob_kills":371,"minecraft:damage_dealt_resisted":1245,"minecraft:climb_one_cm":12418,"minecraft:walk_one_cm":961242,"minecraft:damage_dealt_absorbed":75,"minecraft:sneak_time":10770,"minecraft:walk_under_water_one_cm":217721,"minecraft:boat_one_cm":182865,"minecraft:interact_with_blast_furnace":60,"minecraft:total_world_time":539262,"tombstone:raider_killed":19,"minecraft:time_since_rest":10298,"minecraft:damage_absorbed":346,"minecraft:damage_taken":24496,"minecraft:trigger_trapped_chest":3,"tombstone:cast_on_ally":0,"minecraft:swim_one_cm":457060,"minecraft:fly_one_cm":2603647,"minecraft:open_chest":224,"minecraft:fall_one_cm":359403},"minecraft:used":{"minecraft:iron_shovel":45,"minecraft:shield":388,"minecraft:rotten_flesh":35,"minecraft:iron_chestplate":1,"epicpaladins:bloodstone_axe":452,"minecraft:carrot":3,"iceandfire:frozen_stone":1,"iceandfire:tide_blue_boots":2,"minecraft:azure_bluet":1,"epicpaladins:arclight_sword":788,"minecraft:iron_helmet":3,"minecraft:stone_bricks":2,"undead_revamp2:cloogerribs":25,"minecraft:bow":93,"minecraft:oak_sapling":2,"minecraft:furnace":14,"minecraft:cooked_cod":1,"cardinal_sins:stone_greatsword":125,"minecraft:stone_pickaxe":108,"minecraft:blackstone":1,"minecraft:wooden_pickaxe":59,"biomesoplenty:lavender":1,"minecraft:golden_apple":11,"ars_nouveau:archwood_planks":3,"minecraft:blast_furnace":6,"minecraft:deepslate_tiles":1,"graveyard:skull_pile":1,"minecraft:bread":155,"tombstone:grave_key":4,"biomesoplenty:jacaranda_boat":4,"iceandfire:dragon_skull_fire":1,"minecraft:coarse_dirt":1,"minecraft:andesite":82,"minecraft:cobweb":5,"iceandfire:armor_gray_helmet":1,"biomesoplenty:mahogany_planks":39,"minecraft:iron_bars":1,"minecraft:stone_sword":95,"minecraft:flint_and_steel":7,"minecraft:cooked_salmon":6,"minecraft:netherrack":41,"minecraft:torch":162,"minecraft:dirt":4,"minecraft:anvil":4,"iceandfire:tide_deepblue_leggings":1,"minecraft:wooden_axe":33,"minecraft:red_tulip":2,"iceandfire:armor_blue_chestplate":1,"minecraft:iron_boots":1,"minecraft:barrel":1,"iceandfire:armor_blue_boots":1,"minecraft:golden_carrot":22,"minecraft:cooked_mutton":5,"slashblade:slashblade_wood":180,"tombstone:gift":5,"iceandfire:armor_gray_chestplate":1,"minecraft:cooked_beef":22,"minecraft:golden_axe":7,"minecraft:cobbled_deepslate":81,"minecraft:iron_leggings":1,"alexsmobs:blobfish":1,"alexsmobs:cooked_catfish":5,"minecraft:water_bucket":36,"minecraft:cobblestone_stairs":1,"minecraft:baked_potato":76,"minecraft:red_nether_bricks":5,"minecraft:leather_boots":1,"minecraft:cracked_stone_bricks":2,"minecraft:polished_blackstone_bricks":80,"iceandfire:chared_dirt":1,"minecraft:mossy_cobblestone":2,"tombstone:scroll_of_feather_fall":1,"minecraft:crafting_table":53,"minecraft:cod":1,"justhammers:iron_hammer":162,"minecraft:smoker":9,"minecraft:oak_log":1,"epicpaladins:arclight_pickaxe":704,"minecraft:apple":18,"minecraft:diamond_shovel":21,"minecraft:cracked_polished_blackstone_bricks":4,"minecraft:iron_pickaxe":374,"tombstone:magic_scroll":3,"minecraft:stone_slab":2,"minecraft:stone_axe":109,"minecraft:cobblestone":197,"minecraft:potion":1,"minecraft:cooked_porkchop":18,"minecraft:bucket":36,"alexsmobs:animal_dictionary":2,"minecraft:stripped_oak_log":1}},"DataVersion":3465}