{"stats":{"minecraft:broken":{"minecraft:stone_pickaxe":1,"minecraft:iron_boots":2,"minecraft:iron_helmet":2,"minecraft:iron_chestplate":2,"minecraft:iron_leggings":2,"minecraft:wooden_pickaxe":1},"minecraft:killed":{"jujutsucraft:cursed_spirit_grade_32":5,"jujutsucraft:cursed_spirit_grade_31":2,"jujutsucraft:cursed_spirit_grade_33":11,"naturalist:firefly":1,"minecraft:iron_golem":1,"jujutsucraft:cursed_spirit_grade_37":1,"jujutsucraft:cursed_spirit_grade_35":1,"jujutsucraft:cursed_spirit_grade_316":3,"jujutsucraft:transfigured_human_2":1,"jujutsucraft:cursed_spirit_grade_22":1,"naturalist:rhino":1,"jujutsucraft:cursed_spirit_grade_39":6,"jujutsucraft:fox_fire":9,"jujutsucraft:cursed_spirit_grade_314":3,"jujutsucraft:crow":1,"jujutsucraft:cursed_spirit_grade_310":2,"alexsmobs:gazelle":1,"jujutsucraft:cursed_spirit_grade_36":8,"alexsmobs:fly":2,"naturalist:lizard":1,"jujutsucraft:cursed_spirit_grade_317":8,"jujutsucraft:cursed_spirit_grade_315":2,"jujutsucraft:cursed_spirit_grade_34":9,"jujutsucraft:transfigured_human_1":2,"alexsmobs:kangaroo":3},"minecraft:custom":{"minecraft:interact_with_furnace":34,"minecraft:mob_kills":89,"minecraft:interact_with_crafting_table":17,"minecraft:damage_dealt_resisted":18572,"minecraft:leave_game":4,"minecraft:time_since_death":2828,"minecraft:sleep_in_bed":2,"minecraft:climb_one_cm":5152,"minecraft:damage_resisted":5696,"minecraft:time_since_rest":2593,"minecraft:sprint_one_cm":603374,"minecraft:damage_taken":19050,"minecraft:walk_one_cm":262284,"minecraft:drop":27,"minecraft:damage_dealt":429,"minecraft:swim_one_cm":9100,"minecraft:fly_one_cm":806280,"minecraft:open_chest":6,"minecraft:crouch_one_cm":96,"minecraft:play_time":170023,"minecraft:deaths":50,"minecraft:sneak_time":63,"minecraft:walk_under_water_one_cm":7507,"minecraft:jump":2424,"minecraft:walk_on_water_one_cm":5916,"minecraft:total_world_time":170023,"minecraft:fall_one_cm":73589},"minecraft:killed_by":{"jujutsucraft:cursed_spirit_grade_24":1,"jujutsucraft:awasaka_jiro":1,"jujutsucraft:cursed_spirit_grade_312":1,"jujutsucraft:cursed_spirit_grade_11":1,"jujutsucraft:cursed_spirit_grade_12":1,"jujutsucraft:cursed_spirit_grade_05":2,"jujutsucraft:cursed_spirit_grade_03":9,"jujutsucraft:kashimo_hajime":19,"jujutsucraft:cursed_spirit_grade_22":8,"jujutsucraft:cursed_spirit_grade_26":1,"jujutsucraft:cursed_spirit_grade_08":1,"jujutsucraft:cursed_spirit_grade_315":1,"jujutsucraft:sukuna":1,"jujutsucraft:fushiguro_toji_bug":1,"jujutsucraft:cursed_spirit_grade_23":1},"minecraft:dropped":{"minecraft:gravel":1,"minecraft:stone_axe":1,"minecraft:vine":3,"alexsmobs:maggot":1,"minecraft:wheat_seeds":5,"jujutsucraft:uniform_normal_leggings":1,"minecraft:stone_sword":1,"tombstone:gift":2,"jujutsucraft:uniform_normal_chestplate":1,"alexsmobs:kangaroo_hide":1,"minecraft:poppy":2,"minecraft:stone":1,"minecraft:wooden_axe":1,"minecraft:oak_sapling":13,"minecraft:acacia_sapling":1,"tombstone:grave_dust":1,"minecraft:wooden_sword":1,"jujutsucraft:uniform_normal_boots":1},"minecraft:used":{"minecraft:stone_pickaxe":131,"minecraft:oak_planks":10,"minecraft:wooden_pickaxe":59,"minecraft:iron_sword":21,"minecraft:iron_chestplate":1,"minecraft:torch":6,"minecraft:crafting_table":7,"jujutsucraft:clothes_fushiguro_toji_leggings":2,"minecraft:jungle_planks":1,"minecraft:white_bed":1,"jujutsucraft:uniform_normal_chestplate":1,"jujutsucraft:clothes_zenin_boots":1,"minecraft:wooden_axe":35,"minecraft:iron_axe":2,"minecraft:iron_pickaxe":143,"minecraft:iron_helmet":2,"tombstone:grave_key":11,"jujutsucraft:clothes_sukuna_fushiguro_chestplate":1,"minecraft:stone_axe":19,"minecraft:wooden_sword":1,"minecraft:cobblestone":6,"jujutsucraft:uniform_normal_leggings":2,"minecraft:furnace":6,"tombstone:gift":2,"minecraft:iron_leggings":1},"minecraft:mined":{"minecraft:white_bed":1,"biomesoplenty:desert_grass":4,"minecraft:crafting_table":5,"minecraft:jungle_planks":1,"minecraft:dead_bush":3,"minecraft:tall_grass":2,"minecraft:cobblestone":5,"biomesoplenty:dead_grass":1,"minecraft:oak_planks":1,"minecraft:hay_block":5,"minecraft:furnace":5,"minecraft:carrots":6,"minecraft:iron_ore":94,"minecraft:grass":10,"minecraft:bookshelf":12,"minecraft:oak_log":39,"minecraft:coal_ore":122,"minecraft:gravel":1,"minecraft:stone":106,"minecraft:oak_leaves":5},"minecraft:crafted":{"minecraft:wooden_sword":1,"minecraft:oak_planks":156,"minecraft:crafting_table":2,"minecraft:wooden_pickaxe":1,"minecraft:baked_potato":10,"minecraft:iron_helmet":3,"minecraft:iron_sword":1,"minecraft:furnace":1,"minecraft:stone_axe":1,"minecraft:bread":15,"minecraft:air":0,"minecraft:iron_boots":3,"minecraft:iron_chestplate":3,"minecraft:shield":1,"minecraft:iron_axe":1,"minecraft:stick":12,"minecraft:iron_ingot":85,"minecraft:iron_pickaxe":1,"minecraft:stone_pickaxe":1,"minecraft:wooden_axe":1,"minecraft:stone_sword":1,"minecraft:iron_leggings":3,"minecraft:torch":12,"minecraft:wheat":45},"minecraft:picked_up":{"minecraft:crafting_table":5,"minecraft:oak_log":39,"minecraft:apple":3,"minecraft:wheat_seeds":5,"minecraft:iron_ingot":4,"minecraft:poppy":2,"minecraft:acacia_sapling":1,"minecraft:oak_planks":1,"jujutsucraft:dragon_bone":1,"minecraft:furnace":5,"minecraft:book":27,"minecraft:stick":20,"minecraft:raw_iron":123,"minecraft:stone":1,"minecraft:gravel":1,"minecraft:jungle_planks":1,"minecraft:white_bed":1,"minecraft:carrot":21,"minecraft:vine":3,"alexsmobs:kangaroo_hide":1,"minecraft:hay_block":5,"alexsmobs:maggot":1,"minecraft:oak_sapling":13,"alexsmobs:kangaroo_meat":2,"minecraft:coal":181,"minecraft:cobblestone":109}},"DataVersion":3465}