{"stats":{"minecraft:broken":{"minecraft:iron_boots":3,"minecraft:iron_chestplate":3,"minecraft:iron_leggings":3,"minecraft:wooden_pickaxe":1,"minecraft:stone_pickaxe":1,"minecraft:shield":1,"minecraft:iron_helmet":3},"minecraft:killed":{"jujutsucraft:cursed_spirit_grade_32":5,"jujutsucraft:cursed_spirit_grade_21":1,"jujutsucraft:cursed_spirit_grade_31":2,"jujutsucraft:cursed_spirit_grade_33":11,"jujutsucraft:cursed_spirit_grade_37":1,"jujutsucraft:cursed_spirit_grade_35":2,"jujutsucraft:cursed_spirit_grade_318":1,"jujutsucraft:cursed_spirit_grade_316":4,"jujutsucraft:cursed_spirit_grade_26":2,"jujutsucraft:cursed_spirit_grade_22":1,"jujutsucraft:transfigured_human_2":1,"alexsmobs:rattlesnake":1,"jujutsucraft:cursed_spirit_grade_39":7,"jujutsucraft:fox_fire":9,"minecraft:fox":1,"alexsmobs:soul_vulture":1,"jujutsucraft:cursed_spirit_grade_317":9,"jujutsucraft:cursed_spirit_grade_34":9,"jujutsucraft:transfigured_human_1":2,"alexsmobs:kangaroo":3,"alexsmobs:guster":2,"naturalist:firefly":1,"minecraft:iron_golem":3,"naturalist:rhino":1,"alexsmobs:emu":2,"jujutsucraft:cursed_spirit_grade_314":5,"jujutsucraft:crow":1,"jujutsucraft:cursed_spirit_grade_311":1,"jujutsucraft:cursed_spirit_grade_310":3,"alexsmobs:gazelle":1,"jujutsucraft:cursed_spirit_grade_36":9,"alexsmobs:rain_frog":1,"alexsmobs:fly":4,"naturalist:lizard":1,"jujutsucraft:cursed_spirit_grade_315":2,"minecraft:villager":1},"minecraft:custom":{"minecraft:mob_kills":116,"minecraft:interact_with_crafting_table":17,"minecraft:damage_dealt_resisted":31514,"minecraft:leave_game":4,"minecraft:time_since_death":313,"minecraft:climb_one_cm":5193,"minecraft:damage_resisted":15303,"minecraft:sprint_one_cm":953255,"minecraft:walk_one_cm":411669,"minecraft:damage_blocked_by_shield":428,"minecraft:drop":44,"minecraft:play_time":218211,"minecraft:deaths":86,"minecraft:sneak_time":103,"minecraft:walk_under_water_one_cm":16813,"minecraft:jump":3529,"minecraft:walk_on_water_one_cm":5916,"minecraft:total_world_time":218211,"minecraft:interact_with_furnace":36,"minecraft:sleep_in_bed":2,"minecraft:time_since_rest":155,"minecraft:damage_taken":33460,"minecraft:damage_dealt":429,"minecraft:swim_one_cm":9100,"minecraft:fly_one_cm":1351041,"minecraft:open_chest":36,"minecraft:crouch_one_cm":220,"tombstone:undead_killed":1,"tombstone:villager_killed":1,"minecraft:fall_one_cm":113866},"minecraft:killed_by":{"jujutsucraft:cursed_spirit_grade_24":1,"jujutsucraft:cursed_spirit_grade_16":3,"jujutsucraft:awasaka_jiro":1,"jujutsucraft:cursed_spirit_grade_312":1,"jujutsucraft:cursed_spirit_grade_11":1,"jujutsucraft:cursed_spirit_grade_12":1,"jujutsucraft:cursed_spirit_grade_05":2,"jujutsucraft:cursed_spirit_grade_03":9,"jujutsucraft:kashimo_hajime":19,"jujutsucraft:cursed_spirit_grade_22":13,"jujutsucraft:cursed_spirit_grade_26":2,"jujutsucraft:cursed_spirit_grade_08":1,"jujutsucraft:sukuna":11,"jujutsucraft:cursed_spirit_grade_315":1,"jujutsucraft:fushiguro_toji_bug":1,"jujutsucraft:cursed_spirit_grade_04":2,"jujutsucraft:cursed_spirit_grade_23":1,"jujutsucraft:jogo":14,"jujutsucraft:cursed_spirit_grade_21":1},"minecraft:dropped":{"minecraft:iron_sword":1,"minecraft:vine":3,"minecraft:wheat_seeds":5,"minecraft:mossy_cobblestone":3,"minecraft:glow_berries":1,"minecraft:wooden_axe":1,"minecraft:cut_sandstone":8,"tombstone:grave_dust":1,"minecraft:wooden_sword":1,"minecraft:sand":36,"minecraft:cactus":2,"jujutsucraft:dragon_bone":1,"minecraft:chiseled_sandstone":5,"minecraft:gravel":4,"minecraft:stone_axe":1,"alexsmobs:maggot":1,"jujutsucraft:uniform_normal_leggings":1,"minecraft:stone_sword":1,"alexsmobs:animal_dictionary":1,"tombstone:gift":2,"minecraft:rotten_flesh":6,"jujutsucraft:uniform_normal_chestplate":1,"alexsmobs:kangaroo_hide":1,"minecraft:poppy":3,"minecraft:stone":16,"minecraft:acacia_sapling":1,"minecraft:oak_sapling":13,"minecraft:stone_pressure_plate":1,"minecraft:sandstone":97,"jujutsucraft:uniform_normal_boots":1},"minecraft:used":{"minecraft:shield":23,"minecraft:iron_sword":21,"minecraft:iron_chestplate":1,"minecraft:torch":12,"minecraft:jungle_planks":1,"jujutsucraft:clothes_fushiguro_toji_leggings":2,"jujutsucraft:clothes_zenin_boots":1,"minecraft:wooden_axe":35,"minecraft:iron_axe":10,"minecraft:iron_helmet":2,"jujutsucraft:clothes_sukuna_fushiguro_chestplate":1,"minecraft:furnace":7,"tombstone:gift":2,"minecraft:orange_terracotta":1,"minecraft:iron_leggings":1,"minecraft:stone_pickaxe":131,"minecraft:oak_planks":10,"minecraft:wooden_pickaxe":59,"minecraft:sandstone":12,"minecraft:cut_sandstone":2,"minecraft:golden_apple":1,"minecraft:crafting_table":7,"minecraft:white_bed":1,"jujutsucraft:uniform_normal_chestplate":1,"minecraft:iron_pickaxe":254,"tombstone:grave_key":12,"jujutsucraft:dragon_bone":1,"minecraft:stone_axe":19,"minecraft:wooden_sword":1,"minecraft:cobblestone":29,"jujutsucraft:uniform_normal_leggings":2,"alexsmobs:animal_dictionary":1},"minecraft:mined":{"minecraft:stone_pressure_plate":2,"minecraft:white_bed":2,"biomesoplenty:desert_grass":4,"minecraft:jungle_planks":1,"biomesoplenty:dead_grass":1,"minecraft:sandstone":20,"minecraft:hay_block":5,"minecraft:furnace":8,"minecraft:carrots":6,"minecraft:raw_gold_block":24,"minecraft:iron_ore":99,"minecraft:chiseled_sandstone":5,"minecraft:bookshelf":18,"minecraft:stone":110,"minecraft:cut_sandstone":11,"minecraft:orange_terracotta":2,"minecraft:crafting_table":6,"minecraft:dead_bush":4,"minecraft:tall_grass":2,"minecraft:cobblestone":5,"minecraft:oak_planks":1,"minecraft:yellow_glazed_terracotta":10,"minecraft:grass":10,"minecraft:oak_log":39,"minecraft:coal_ore":147,"minecraft:gravel":1,"minecraft:oak_leaves":5},"minecraft:crafted":{"minecraft:wooden_sword":1,"minecraft:oak_planks":156,"minecraft:furnace":1,"minecraft:iron_boots":3,"minecraft:iron_axe":1,"minecraft:stone_pickaxe":1,"minecraft:wheat":45,"minecraft:crafting_table":2,"minecraft:wooden_pickaxe":1,"minecraft:baked_potato":10,"minecraft:iron_helmet":3,"minecraft:iron_sword":1,"minecraft:stone_axe":1,"minecraft:bread":15,"minecraft:air":0,"minecraft:iron_chestplate":3,"minecraft:shield":1,"minecraft:stick":12,"minecraft:iron_ingot":90,"minecraft:iron_pickaxe":1,"minecraft:wooden_axe":1,"minecraft:stone_sword":1,"minecraft:iron_leggings":3,"minecraft:torch":12},"minecraft:picked_up":{"minecraft:crafting_table":6,"minecraft:wheat":1,"minecraft:poppy":3,"minecraft:furnace":8,"minecraft:sandstone":76,"minecraft:stick":21,"minecraft:raw_iron":128,"minecraft:stone":4,"minecraft:raw_gold_block":24,"minecraft:vine":3,"minecraft:carrot":21,"minecraft:stone_pressure_plate":2,"minecraft:rotten_flesh":6,"minecraft:hay_block":5,"minecraft:glow_berries":1,"alexsmobs:kangaroo_meat":2,"minecraft:cobblestone":115,"minecraft:cut_sandstone":11,"minecraft:yellow_glazed_terracotta":10,"minecraft:oak_log":39,"alexsmobs:cooked_kangaroo_meat":2,"minecraft:orange_terracotta":2,"minecraft:bone":6,"minecraft:apple":3,"minecraft:wheat_seeds":5,"minecraft:iron_ingot":22,"minecraft:oak_planks":1,"minecraft:acacia_sapling":1,"minecraft:book":45,"jujutsucraft:dragon_bone":2,"minecraft:gravel":4,"minecraft:sand":33,"minecraft:jungle_planks":1,"minecraft:white_bed":2,"minecraft:chiseled_sandstone":5,"minecraft:mossy_cobblestone":1,"alexsmobs:kangaroo_hide":1,"minecraft:grass":1,"alexsmobs:maggot":1,"minecraft:oak_sapling":13,"minecraft:coal":228}},"DataVersion":3465}