{"stats":{"minecraft:broken":{"minecraft:wooden_pickaxe":1},"minecraft:killed":{"jujutsucraft:cursed_spirit_grade_32":1,"jujutsucraft:cursed_spirit_grade_31":2,"jujutsucraft:cursed_spirit_grade_33":8,"naturalist:firefly":1,"minecraft:iron_golem":1,"naturalist:rhino":1,"jujutsucraft:cursed_spirit_grade_39":3,"jujutsucraft:cursed_spirit_grade_314":2,"jujutsucraft:crow":1,"jujutsucraft:cursed_spirit_grade_310":1,"jujutsucraft:cursed_spirit_grade_36":1,"alexsmobs:fly":2,"jujutsucraft:cursed_spirit_grade_317":4,"jujutsucraft:cursed_spirit_grade_315":1,"jujutsucraft:cursed_spirit_grade_34":1,"jujutsucraft:transfigured_human_1":2},"minecraft:custom":{"minecraft:interact_with_furnace":19,"minecraft:mob_kills":33,"minecraft:interact_with_crafting_table":8,"minecraft:damage_dealt_resisted":3539,"minecraft:leave_game":1,"minecraft:time_since_death":6762,"minecraft:sleep_in_bed":1,"minecraft:climb_one_cm":5152,"minecraft:damage_resisted":639,"minecraft:time_since_rest":6509,"minecraft:sprint_one_cm":266192,"minecraft:damage_taken":4450,"minecraft:walk_one_cm":125907,"minecraft:drop":19,"minecraft:damage_dealt":429,"minecraft:swim_one_cm":9100,"minecraft:fly_one_cm":285670,"minecraft:open_chest":6,"minecraft:play_time":106084,"minecraft:deaths":9,"minecraft:sneak_time":21,"minecraft:walk_under_water_one_cm":7507,"minecraft:jump":1059,"minecraft:walk_on_water_one_cm":5916,"minecraft:total_world_time":106084,"minecraft:fall_one_cm":30596},"minecraft:killed_by":{"jujutsucraft:awasaka_jiro":1,"jujutsucraft:cursed_spirit_grade_11":1,"jujutsucraft:cursed_spirit_grade_05":2,"jujutsucraft:cursed_spirit_grade_22":1,"jujutsucraft:cursed_spirit_grade_26":1,"jujutsucraft:cursed_spirit_grade_08":1,"jujutsucraft:fushiguro_toji_bug":1,"jujutsucraft:cursed_spirit_grade_23":1},"minecraft:dropped":{"alexsmobs:maggot":1,"minecraft:vine":3,"minecraft:wheat_seeds":2,"jujutsucraft:uniform_normal_leggings":1,"tombstone:gift":2,"jujutsucraft:uniform_normal_chestplate":1,"minecraft:poppy":2,"minecraft:stone":1,"minecraft:wooden_axe":1,"tombstone:grave_dust":1,"minecraft:oak_sapling":13,"minecraft:wooden_sword":1,"jujutsucraft:uniform_normal_boots":1},"minecraft:mined":{"minecraft:crafting_table":4,"minecraft:jungle_planks":1,"minecraft:tall_grass":2,"minecraft:cobblestone":5,"minecraft:oak_planks":1,"minecraft:hay_block":5,"minecraft:furnace":4,"minecraft:carrots":6,"minecraft:iron_ore":30,"minecraft:grass":5,"minecraft:oak_log":39,"minecraft:bookshelf":12,"minecraft:coal_ore":65,"minecraft:stone":76,"minecraft:oak_leaves":5},"minecraft:used":{"minecraft:stone_pickaxe":121,"minecraft:oak_planks":10,"minecraft:wooden_pickaxe":59,"minecraft:iron_sword":9,"minecraft:iron_chestplate":1,"minecraft:crafting_table":4,"jujutsucraft:clothes_fushiguro_toji_leggings":2,"minecraft:jungle_planks":1,"jujutsucraft:uniform_normal_chestplate":1,"jujutsucraft:clothes_zenin_boots":1,"minecraft:wooden_axe":35,"minecraft:iron_axe":1,"minecraft:iron_helmet":1,"tombstone:grave_key":1,"jujutsucraft:clothes_sukuna_fushiguro_chestplate":1,"minecraft:stone_axe":19,"minecraft:wooden_sword":1,"minecraft:cobblestone":6,"jujutsucraft:uniform_normal_leggings":2,"minecraft:furnace":3,"tombstone:gift":2},"minecraft:crafted":{"minecraft:wooden_sword":1,"minecraft:oak_planks":156,"minecraft:crafting_table":1,"minecraft:baked_potato":10,"minecraft:wooden_pickaxe":1,"minecraft:iron_helmet":1,"minecraft:iron_sword":1,"minecraft:furnace":1,"minecraft:stone_axe":1,"minecraft:air":0,"minecraft:iron_chestplate":1,"minecraft:shield":1,"minecraft:iron_axe":1,"minecraft:stick":12,"minecraft:iron_ingot":21,"minecraft:iron_pickaxe":1,"minecraft:wooden_axe":1,"minecraft:stone_pickaxe":1,"minecraft:stone_sword":1},"minecraft:picked_up":{"minecraft:crafting_table":4,"minecraft:oak_log":39,"minecraft:apple":3,"minecraft:wheat_seeds":3,"minecraft:iron_ingot":4,"minecraft:poppy":2,"minecraft:oak_planks":1,"minecraft:furnace":4,"minecraft:book":27,"minecraft:stick":16,"minecraft:raw_iron":29,"minecraft:stone":1,"minecraft:jungle_planks":1,"minecraft:carrot":21,"minecraft:vine":3,"minecraft:hay_block":5,"alexsmobs:maggot":1,"minecraft:oak_sapling":13,"minecraft:coal":96,"minecraft:cobblestone":81}},"DataVersion":3465}