{"stats":{"minecraft:killed":{"jujutsucraft:cursed_spirit_grade_32":6,"jujutsucraft:cursed_spirit_grade_21":1,"jujutsucraft:cursed_spirit_grade_31":2,"jujutsucraft:cursed_spirit_grade_33":20,"jujutsucraft:cursed_spirit_grade_37":2,"jujutsucraft:cursed_spirit_grade_35":2,"jujutsucraft:cursed_spirit_grade_318":2,"jujutsucraft:cursed_spirit_grade_26":3,"jujutsucraft:cursed_spirit_grade_316":5,"jujutsucraft:cursed_spirit_grade_22":1,"jujutsucraft:transfigured_human_2":2,"alexsmobs:rattlesnake":1,"jujutsucraft:cursed_spirit_grade_39":14,"jujutsucraft:fox_fire":9,"jujutsucraft:cursed_spirit_grade_313":1,"minecraft:fox":1,"jujutsucraft:cursed_spirit_grade_16":2,"jujutsucraft:fist":8,"jujutsucraft:cursed_spirit_grade_08":1,"alexsmobs:soul_vulture":1,"jujutsucraft:cursed_spirit_grade_38":1,"jujutsucraft:cursed_spirit_grade_317":15,"jujutsucraft:cursed_spirit_grade_34":15,"jujutsucraft:transfigured_human_1":4,"alexsmobs:kangaroo":4,"alexsmobs:guster":2,"naturalist:firefly":1,"naturalist:lizard_tail":1,"jujutsucraft:awasaka_jiro":2,"minecraft:iron_golem":3,"minecraft:bat":2,"naturalist:rhino":1,"alexsmobs:emu":2,"minecraft:pillager":16,"jujutsucraft:cursed_spirit_grade_314":10,"alexsmobs:cockroach":2,"jujutsucraft:cursed_spirit_grade_14":1,"jujutsucraft:crow":1,"jujutsucraft:cursed_spirit_grade_311":2,"jujutsucraft:cursed_spirit_grade_310":4,"alexsmobs:gazelle":1,"jujutsucraft:cursed_spirit_grade_36":13,"alexsmobs:rain_frog":1,"naturalist:lizard":3,"alexsmobs:fly":5,"minecraft:glow_squid":2,"jujutsucraft:cursed_spirit_grade_315":5,"minecraft:villager":1},"minecraft:mined":{"minecraft:stone_pressure_plate":2,"minecraft:white_bed":2,"minecraft:deepslate_diamond_ore":7,"biomesoplenty:desert_grass":4,"minecraft:jungle_planks":1,"biomesoplenty:dead_grass":1,"minecraft:sandstone":20,"biomesoplenty:dune_grass":1,"minecraft:spawner":3,"minecraft:hay_block":5,"minecraft:furnace":11,"minecraft:carrots":6,"minecraft:raw_gold_block":25,"minecraft:iron_ore":99,"minecraft:chiseled_sandstone":5,"minecraft:deepslate_lapis_ore":12,"minecraft:gold_block":1,"minecraft:deepslate_iron_ore":1,"minecraft:bookshelf":18,"biomesoplenty:webbing":1,"minecraft:stone":111,"minecraft:bone_block":3,"minecraft:cut_sandstone":11,"minecraft:orange_terracotta":2,"minecraft:crafting_table":7,"minecraft:dead_bush":4,"minecraft:tall_grass":2,"minecraft:cobblestone":8,"minecraft:oak_planks":1,"minecraft:wall_torch":3,"minecraft:yellow_glazed_terracotta":10,"minecraft:grass":10,"minecraft:oak_log":39,"minecraft:coal_ore":166,"minecraft:gravel":1,"biomesoplenty:stringy_cobweb":1,"minecraft:cobweb":3,"minecraft:oak_leaves":5,"minecraft:deepslate":41},"minecraft:dropped":{"minecraft:iron_sword":1,"minecraft:vine":3,"minecraft:wheat_seeds":5,"minecraft:glow_ink_sac":8,"minecraft:mossy_cobblestone":3,"minecraft:glow_berries":1,"jujutsucraft:sickle":1,"minecraft:stick":1,"minecraft:grass":1,"minecraft:torch":1,"minecraft:wooden_axe":1,"minecraft:cut_sandstone":10,"tombstone:grave_dust":1,"minecraft:wooden_sword":1,"minecraft:bone_block":1,"minecraft:sand":42,"minecraft:cactus":2,"jujutsucraft:dragon_bone":2,"minecraft:chiseled_sandstone":5,"minecraft:gravel":4,"minecraft:stone_axe":1,"alexsmobs:maggot":1,"minecraft:cobbled_deepslate":2,"jujutsucraft:uniform_normal_leggings":1,"minecraft:stone_sword":1,"alexsmobs:animal_dictionary":1,"minecraft:deepslate":11,"minecraft:tuff":2,"minecraft:wheat":2,"tombstone:gift":2,"minecraft:rotten_flesh":6,"jujutsucraft:uniform_normal_chestplate":1,"alexsmobs:kangaroo_hide":1,"minecraft:poppy":3,"minecraft:stone":16,"alexsmobs:cockroach_wing_fragment":1,"minecraft:acacia_sapling":1,"minecraft:oak_sapling":13,"minecraft:stone_pressure_plate":1,"minecraft:sandstone":97,"jujutsucraft:uniform_normal_boots":1,"biomesoplenty:webbing":1},"minecraft:picked_up":{"minecraft:crafting_table":7,"minecraft:wheat":1,"minecraft:string":4,"minecraft:cobbled_deepslate":38,"minecraft:poppy":3,"minecraft:furnace":11,"minecraft:stick":21,"minecraft:raw_iron":129,"minecraft:sandstone":76,"minecraft:stone":4,"jujutsucraft:sickle":1,"minecraft:raw_gold_block":25,"minecraft:torch":6,"minecraft:vine":3,"minecraft:carrot":21,"minecraft:stone_pressure_plate":2,"jujutsucraft:naginata":1,"minecraft:rotten_flesh":6,"minecraft:hay_block":5,"minecraft:glow_berries":1,"minecraft:bone_block":3,"alexsmobs:kangaroo_meat":2,"minecraft:cobblestone":119,"minecraft:glow_ink_sac":10,"minecraft:cut_sandstone":12,"minecraft:tuff":2,"minecraft:oak_log":39,"minecraft:yellow_glazed_terracotta":10,"alexsmobs:cooked_kangaroo_meat":2,"minecraft:lapis_lazuli":78,"minecraft:orange_terracotta":2,"minecraft:bone":6,"minecraft:apple":3,"minecraft:wheat_seeds":5,"biomesoplenty:webbing":2,"alexsmobs:cockroach_wing_fragment":1,"minecraft:iron_ingot":22,"minecraft:oak_planks":1,"minecraft:acacia_sapling":1,"minecraft:book":45,"jujutsucraft:dragon_bone":2,"minecraft:gravel":4,"minecraft:sand":33,"minecraft:jungle_planks":1,"minecraft:white_bed":2,"minecraft:chiseled_sandstone":5,"minecraft:mossy_cobblestone":1,"alexsmobs:kangaroo_hide":1,"minecraft:deepslate":9,"minecraft:diamond":7,"minecraft:grass":1,"alexsmobs:maggot":1,"minecraft:oak_sapling":13,"minecraft:coal":262},"minecraft:used":{"minecraft:bone_block":2,"minecraft:shield":23,"minecraft:iron_sword":21,"minecraft:iron_chestplate":2,"minecraft:torch":114,"jujutsucraft:clothes_fushiguro_toji_leggings":2,"minecraft:jungle_planks":1,"jujutsucraft:clothes_zenin_boots":1,"minecraft:wooden_axe":35,"minecraft:iron_axe":11,"minecraft:iron_helmet":3,"minecraft:iron_boots":1,"minecraft:raw_gold_block":1,"jujutsucraft:clothes_sukuna_fushiguro_chestplate":1,"minecraft:furnace":10,"tombstone:gift":4,"minecraft:cobbled_deepslate":4,"minecraft:orange_terracotta":1,"minecraft:iron_leggings":2,"minecraft:stone_pickaxe":131,"minecraft:oak_planks":10,"minecraft:wooden_pickaxe":59,"minecraft:sandstone":12,"minecraft:cut_sandstone":2,"minecraft:golden_apple":2,"minecraft:crafting_table":9,"minecraft:blast_furnace":1,"minecraft:white_bed":1,"jujutsucraft:uniform_normal_chestplate":1,"minecraft:iron_pickaxe":351,"jujutsucraft:naginata":3,"tombstone:grave_key":13,"jujutsucraft:dragon_bone":4,"minecraft:stone_axe":19,"minecraft:wooden_sword":1,"minecraft:cobblestone":56,"jujutsucraft:uniform_normal_leggings":2,"alexsmobs:animal_dictionary":1,"minecraft:cobweb":3},"minecraft:crafted":{"minecraft:golden_carrot":12,"minecraft:wooden_sword":1,"minecraft:smooth_stone":3,"minecraft:oak_planks":156,"minecraft:furnace":2,"minecraft:blast_furnace":1,"minecraft:stone":3,"minecraft:iron_boots":4,"minecraft:iron_axe":1,"minecraft:stone_pickaxe":1,"minecraft:wheat":45,"minecraft:crafting_table":2,"minecraft:wooden_pickaxe":1,"minecraft:baked_potato":10,"minecraft:iron_helmet":4,"minecraft:iron_sword":1,"minecraft:stone_axe":1,"minecraft:bread":15,"minecraft:air":0,"minecraft:gold_nugget":99,"minecraft:iron_chestplate":4,"minecraft:golden_apple":3,"minecraft:shield":1,"minecraft:raw_gold":216,"minecraft:stick":28,"minecraft:iron_ingot":91,"minecraft:gold_ingot":161,"minecraft:iron_pickaxe":1,"minecraft:wooden_axe":1,"minecraft:stone_sword":1,"minecraft:iron_leggings":4,"minecraft:torch":116},"minecraft:killed_by":{"jujutsucraft:cursed_spirit_grade_24":1,"jujutsucraft:cursed_spirit_grade_16":5,"jujutsucraft:awasaka_jiro":2,"jujutsucraft:cursed_spirit_grade_312":1,"jujutsucraft:cursed_spirit_grade_11":1,"jujutsucraft:cursed_spirit_grade_12":1,"jujutsucraft:cursed_spirit_grade_05":2,"jujutsucraft:cursed_spirit_grade_03":9,"jujutsucraft:kashimo_hajime":19,"jujutsucraft:cursed_spirit_grade_22":13,"jujutsucraft:cursed_spirit_grade_26":2,"jujutsucraft:cursed_spirit_grade_08":1,"jujutsucraft:sukuna":11,"jujutsucraft:cursed_spirit_grade_315":1,"jujutsucraft:fushiguro_toji_bug":1,"jujutsucraft:cursed_spirit_grade_04":2,"jujutsucraft:cursed_spirit_grade_23":1,"jujutsucraft:zenin_jinichi":1,"jujutsucraft:jogo":14,"jujutsucraft:ishigori_ryu":1,"jujutsucraft:cursed_spirit_grade_21":1},"minecraft:broken":{"minecraft:iron_boots":4,"minecraft:iron_chestplate":3,"minecraft:iron_leggings":4,"minecraft:wooden_pickaxe":1,"minecraft:stone_pickaxe":1,"minecraft:shield":1,"minecraft:iron_helmet":4},"minecraft:custom":{"minecraft:mob_kills":210,"minecraft:interact_with_crafting_table":29,"minecraft:damage_dealt_resisted":61675,"minecraft:leave_game":5,"minecraft:time_since_death":27,"minecraft:climb_one_cm":6156,"minecraft:damage_resisted":21254,"minecraft:sprint_one_cm":1293948,"minecraft:walk_one_cm":648706,"minecraft:damage_blocked_by_shield":428,"minecraft:drop":63,"minecraft:play_time":290953,"minecraft:deaths":91,"minecraft:sneak_time":254,"minecraft:walk_under_water_one_cm":23056,"minecraft:jump":5015,"minecraft:interact_with_blast_furnace":8,"minecraft:walk_on_water_one_cm":29525,"minecraft:total_world_time":290953,"minecraft:interact_with_furnace":82,"tombstone:raider_killed":16,"minecraft:sleep_in_bed":2,"minecraft:time_since_rest":1,"minecraft:damage_taken":37996,"minecraft:damage_absorbed":148,"minecraft:damage_dealt":545,"tombstone:cast_on_ally":0,"minecraft:swim_one_cm":15964,"minecraft:fly_one_cm":1793598,"minecraft:open_chest":54,"minecraft:crouch_one_cm":531,"tombstone:undead_killed":1,"tombstone:villager_killed":1,"minecraft:fall_one_cm":181687}},"DataVersion":3465}