{"stats":{"minecraft:picked_up":{"minecraft:iron_chestplate":1,"minecraft:anvil":1,"minecraft:stone_slab":3,"minecraft:lead":1,"minecraft:oak_stairs":1,"minecraft:wither_rose":4,"minecraft:enchanted_book":4,"paraglider:goddess_statue":1,"minecraft:polished_deepslate":4,"minecraft:polished_blackstone_brick_stairs":2,"minecraft:string":67,"minecraft:red_nether_bricks":5,"biomesoplenty:tall_lavender":1,"minecraft:beetroot":1,"minecraft:cobbled_deepslate":415,"minecraft:gold_nugget":1209,"minecraft:enchanted_golden_apple":2,"minecraft:big_dripleaf":1,"iceandfire:lightning_dragon_flesh":3,"minecraft:cherry_log":17,"epicpaladins:moonlight_gem":4,"cardinal_sins:stone_greatsword":1,"undead_revamp2:cloogerribs":78,"slashblade:proudsoul":1,"minecraft:stone_sword":1,"biomesoplenty:rose_quartz_chunk":2,"ars_nouveau:worn_notebook":1,"iceandfire:fire_dragon_heart":3,"minecraft:white_terracotta":13,"minecraft:iron_bars":7,"biomesoplenty:lavender":26,"minecraft:birch_log":5,"minecraft:feather":2,"minecraft:jungle_wood":2,"minecraft:smoker":1,"alexsmobs:bison_fur":7,"minecraft:flint":1,"minecraft:lantern":10,"undead_revamp2:blacpetalblock":1,"minecraft:chiseled_polished_blackstone":2,"iceandfire:dragon_skull_fire":3,"iceandfire:shiny_scales":1,"sophisticatedbackpacks:iron_backpack":2,"iceandfire:lightning_dragon_heart":1,"minecraft:dark_oak_log":2,"alexsmobs:animal_dictionary":1,"iceandfire:chared_cobblestone":1,"minecraft:bundle":3,"minecraft:bread":84,"minecraft:dark_oak_fence":13,"ars_nouveau:red_archwood_log":338,"minecraft:crafting_table":9,"iceandfire:witherbone":1,"minecraft:redstone_lamp":40,"graveyard:dark_iron_ingot":2,"alexsmobs:cooked_catfish":1,"minecraft:red_bed":4,"minecraft:white_carpet":1,"minecraft:cracked_stone_bricks":9,"minecraft:beef":37,"minecraft:iron_nugget":17,"minecraft:spruce_slab":1,"minecraft:chest":6,"iceandfire:dragonscales_electric":9,"minecraft:diamond_hoe":1,"minecraft:raw_copper_block":9,"ars_nouveau:purple_archwood_log":350,"minecraft:spruce_fence":1,"sophisticatedbackpacks:backpack":6,"minecraft:fire_charge":1,"minecraft:carrot":166,"minecraft:prismarine_crystals":5,"iceandfire:dragon_skull_ice":1,"ars_nouveau:green_archwood_log":111,"minecraft:hay_block":26,"minecraft:totem_of_undying":2,"minecraft:mutton":11,"minecraft:rail":2,"minecraft:bone_block":38,"minecraft:white_wool":6,"minecraft:stripped_oak_log":19,"biomesoplenty:black_sandstone":1,"iceandfire:sea_serpent_fang":17,"minecraft:filled_map":1,"minecraft:oak_log":5,"mowziesmobs:wrought_axe":2,"iceandfire:dragonscales_blue":26,"minecraft:apple":31,"minecraft:stone_bricks":10,"minecraft:kelp":11,"minecraft:stone_pickaxe":1,"tombstone:bag_of_seeds":3,"minecraft:flowering_azalea":1,"minecraft:dark_oak_slab":1,"enemyexpansion:phantom_eye":1,"minecraft:sweet_berries":31,"minecraft:cracked_nether_bricks":2,"graveyard:ossuary":2,"minecraft:gravel":35,"minecraft:birch_stairs":14,"minecraft:spruce_sapling":1,"minecraft:spruce_log":6,"minecraft:crying_obsidian":6,"undead_revamp2:bostroxset_helmet":1,"minecraft:slime_ball":44,"iceandfire:ice_dragon_flesh":14,"minecraft:baked_potato":3,"ars_nouveau:caster_tome":3,"minecraft:wheat":226,"illagerinvasion:platinum_chunk":12,"alexscaves:cave_tablet":14,"ars_nouveau:bombegranate_pod":24,"minecraft:stone_brick_stairs":2,"minecraft:raw_copper":47,"minecraft:iron_leggings":1,"minecraft:sticky_piston":1,"epicpaladins:bloodstone_gem":22,"biomesoplenty:brimstone":13,"iceandfire:sea_serpent_scales_bronze":3,"minecraft:sea_pickle":12,"minecraft:deepslate_tiles":6,"minecraft:smooth_quartz":2,"minecraft:iron_pickaxe":1,"minecraft:furnace":11,"minecraft:iron_boots":5,"iceandfire:pixie_dust":2,"minecraft:stick":56,"epicpaladins:arclight_gem":38,"minecraft:oak_fence":4,"minecraft:torch":8,"iceandfire:dragonscales_white":22,"minecraft:spruce_stairs":1,"minecraft:porkchop":3,"minecraft:pointed_dripstone":2,"tombstone:grave_dust":14,"graveyard:dark_iron_trapdoor":2,"minecraft:rotten_flesh":77,"minecraft:mangrove_roots":2,"minecraft:obsidian":14,"minecraft:cod":1,"undead_revamp2:arapholia":1,"minecraft:cobblestone":567,"slashblade:proudsoul_ingot":1,"minecraft:andesite":3181,"minecraft:potato":62,"paraglider:spirit_orb":8,"alexscaves:cave_book":1,"minecraft:tuff":65,"undead_revamp2:huntereye":1,"minecraft:wither_skeleton_skull":1,"minecraft:dirt":619,"minecraft:lapis_lazuli":32,"iceandfire:dragonscales_bronze":47,"minecraft:bone":101,"minecraft:bow":3,"cardinal_sins:malevolichite":10,"minecraft:wheat_seeds":597,"minecraft:raw_gold":3,"minecraft:mossy_stone_bricks":1,"minecraft:bamboo":6,"minecraft:oak_planks":6,"minecraft:cooked_porkchop":4,"minecraft:poisonous_potato":1,"minecraft:nether_brick_stairs":1,"minecraft:spectral_arrow":20,"minecraft:mossy_cobblestone":7,"minecraft:diamond":41,"minecraft:slime_block":1,"minecraft:soul_lantern":2,"graveyard:cyan_urn":1,"minecraft:cracked_polished_blackstone_bricks":20,"iceandfire:dragon_ice":1,"minecraft:crossbow":3,"minecraft:golden_apple":1,"minecraft:emerald":28,"minecraft:oak_sapling":5,"minecraft:netherrack":2,"iceandfire:silver_nugget":4,"undead_revamp2:bostroxingot":11,"minecraft:azure_bluet":9,"minecraft:chicken":1,"ars_nouveau:blue_archwood_sapling":27,"minecraft:gold_block":7,"ars_nouveau:archwood_planks":72,"iceandfire:frozen_stone":6,"minecraft:moss_carpet":9,"undead_revamp2:bostroxset_chestplate":2,"minecraft:blackstone":38,"graveyard:corruption":50,"minecraft:lectern":4,"iceandfire:ice_dragon_heart":1,"iceandfire:dragonscales_green":21,"minecraft:raw_iron":163,"iceandfire:dragonbone":47,"iceandfire:chared_grass":1,"ars_nouveau:purple_archwood_sapling":48,"minecraft:note_block":2,"ars_nouveau:blue_archwood_log":70,"minecraft:polished_blackstone_bricks":119,"ars_nouveau:frostaya_pod":3,"ars_nouveau:wixie_shards":2,"minecraft:dark_oak_planks":37,"iceandfire:sea_serpent_scales_purple":10,"minecraft:arrow":22,"minecraft:nether_bricks":46,"iceandfire:chared_dirt":1,"alexscaves:spelunkery_table":1,"minecraft:brick_stairs":3,"minecraft:cracked_deepslate_tiles":5,"undead_revamp2:bostroxset_boots":2,"minecraft:basalt":2,"minecraft:golden_carrot":4,"minecraft:leather":60,"minecraft:gunpowder":4,"minecraft:cobblestone_stairs":1,"minecraft:cooked_mutton":1,"ars_nouveau:green_archwood_sapling":18,"epicpaladins:arclight_pickaxe":2,"minecraft:iron_ingot":41,"iceandfire:sea_serpent_scales_deepblue":1,"iceandfire:fire_dragon_flesh":3,"minecraft:soul_sand":2,"minecraft:book":68,"minecraft:scaffolding":34,"slashblade:proudsoul_tiny":16,"minecraft:pumpkin":6,"minecraft:chiseled_stone_bricks":3,"minecraft:stone_brick_slab":1,"ars_nouveau:red_archwood_sapling":68,"iceandfire:ash":19,"minecraft:quartz":19,"minecraft:dandelion":10,"minecraft:raw_iron_block":8,"ars_nouveau:bastion_pod":6,"mowziesmobs:wrought_helmet":1,"minecraft:blast_furnace":10,"minecraft:white_bed":1,"minecraft:nether_brick_slab":2,"minecraft:spruce_door":1,"undead_revamp2:rawbostrox":34,"alexsmobs:raw_catfish":3,"minecraft:cherry_sapling":11,"minecraft:black_wool":2,"minecraft:coal":530},"minecraft:mined":{"minecraft:dark_oak_planks":4,"minecraft:cherry_log":17,"minecraft:jungle_leaves":9,"minecraft:red_nether_bricks":6,"biomesoplenty:brimstone":2,"minecraft:obsidian":13,"minecraft:chiseled_stone_bricks":3,"minecraft:spawner":4,"minecraft:light_blue_stained_glass":2,"minecraft:polished_blackstone_bricks":18,"minecraft:tall_seagrass":6,"epicpaladins:moonlight_ore":3,"biomesoplenty:tall_lavender":1,"minecraft:cobbled_deepslate":7,"minecraft:sticky_piston":1,"minecraft:fire":42,"biomesoplenty:lavender":3,"graveyard:ossuary":2,"minecraft:pumpkin":6,"minecraft:deepslate_lapis_ore":2,"minecraft:nether_brick_stairs":1,"iceandfire:gold_pile":118,"minecraft:oak_stairs":2,"minecraft:red_bed":4,"minecraft:kelp_plant":2,"graveyard:dark_iron_trapdoor":2,"minecraft:smoker":1,"minecraft:torch":1,"minecraft:note_block":2,"minecraft:blast_furnace":10,"minecraft:wheat":228,"minecraft:stone_brick_stairs":1,"minecraft:grass":48,"minecraft:smooth_quartz":2,"graveyard:cyan_urn":1,"minecraft:piston":1,"epicpaladins:arclight_ore":18,"minecraft:deepslate":524,"minecraft:deepslate_tiles":6,"biomesoplenty:watergrass":13,"minecraft:mossy_cobblestone":1,"minecraft:dark_oak_log":1,"minecraft:nether_bricks":48,"minecraft:dark_oak_fence":3,"minecraft:spruce_fence":1,"graveyard:tg_deepslate":1,"epicpaladins:deepslate_arclight_ore":1,"minecraft:andesite":127,"minecraft:potatoes":18,"minecraft:vine":1,"biomesoplenty:brimstone_bud":1,"minecraft:bone_block":39,"minecraft:fire_coral_block":2,"minecraft:stone_brick_slab":1,"minecraft:observer":1,"minecraft:dandelion":1,"minecraft:emerald_ore":3,"minecraft:tall_grass":37,"minecraft:copper_ore":14,"minecraft:deepslate_gold_ore":3,"epicpaladins:bloodstone_ore":14,"graveyard:vase_block":3,"minecraft:spruce_log":6,"minecraft:birch_leaves":1,"minecraft:gravel":6,"minecraft:cobweb":43,"minecraft:stone_bricks":13,"minecraft:deepslate_emerald_ore":1,"minecraft:cobblestone_stairs":2,"minecraft:grass_block":3,"sophisticatedbackpacks:iron_backpack":2,"minecraft:cracked_polished_blackstone_bricks":9,"graveyard:dark_iron_door":1,"minecraft:raw_iron_block":8,"minecraft:iron_ore":114,"graveyard:leaning_wither_skeleton":1,"minecraft:anvil":1,"ars_nouveau:red_archwood_log":205,"minecraft:iron_bars":3,"minecraft:azalea":1,"minecraft:spruce_slab":1,"minecraft:blackstone":1,"iceandfire:dragon_ice_spikes":10,"minecraft:chest":4,"minecraft:cobblestone":18,"minecraft:slime_block":1,"minecraft:oak_planks":7,"minecraft:prismarine":4,"minecraft:wall_torch":5,"minecraft:seagrass":3,"minecraft:dark_oak_slab":1,"minecraft:birch_log":5,"minecraft:cracked_deepslate_tiles":7,"biomesoplenty:clover":1,"minecraft:oak_log":4,"minecraft:sand":1,"minecraft:dirt":4,"structure_gel:dynamic_spawner":6,"minecraft:raw_copper_block":9,"minecraft:netherrack":2,"minecraft:oak_leaves":11,"minecraft:redstone_lamp":43,"minecraft:nether_gold_ore":26,"minecraft:tuff":78,"minecraft:deepslate_diamond_ore":32,"biomesoplenty:bush":4,"iceandfire:frozen_stone":1,"iceandfire:chared_dirt":1,"minecraft:spruce_leaves":2,"minecraft:cracked_nether_bricks":2,"iceandfire:chared_grass":1,"minecraft:large_fern":4,"minecraft:hay_block":27,"minecraft:furnace":10,"minecraft:carrots":47,"minecraft:polished_basalt":2,"minecraft:gold_block":6,"minecraft:polished_deepslate":4,"minecraft:bookshelf":21,"minecraft:deepslate_iron_ore":17,"minecraft:lantern":1,"minecraft:stripped_oak_log":3,"minecraft:stone":250,"sophisticatedbackpacks:backpack":5,"ars_nouveau:purple_archwood_log":134,"cardinal_sins:malevolichite_ore":5,"minecraft:scaffolding":3,"ars_nouveau:green_archwood_log":61,"minecraft:basalt":1,"minecraft:oak_fence":2,"minecraft:crafting_table":8,"undead_revamp2:bostrokestone":7,"minecraft:lectern":2,"minecraft:stone_slab":2,"biomesoplenty:sprout":7,"minecraft:lapis_ore":1,"biomesoplenty:huge_clover_petal":2,"minecraft:spruce_stairs":1,"ars_nouveau:blue_archwood_log":70,"graveyard:skull_with_rib_cage":1,"minecraft:sea_pickle":5,"ars_nouveau:purple_archwood_leaves":31,"minecraft:sweet_berry_bush":8,"minecraft:coal_ore":96,"minecraft:gray_carpet":4,"minecraft:cracked_stone_bricks":9,"paraglider:goddess_statue":1},"minecraft:dropped":{"sophisticatedbackpacks:iron_backpack":1,"graveyard:torso_pile":2,"minecraft:glass_bottle":3,"minecraft:crafting_table":1,"minecraft:dark_oak_slab":1,"minecraft:cracked_stone_bricks":9,"minecraft:rail":2,"minecraft:emerald":2,"minecraft:dirt":274,"minecraft:dark_oak_fence":10,"minecraft:cracked_deepslate_tiles":4,"minecraft:gold_nugget":13,"minecraft:iron_pickaxe":1,"minecraft:dark_oak_planks":4,"minecraft:bone":42,"minecraft:stone_axe":1,"undead_revamp2:bostroxset_boots":2,"minecraft:cobbled_deepslate":276,"alexscaves:cave_tablet":4,"minecraft:wheat":7,"undead_revamp2:arapholia":1,"graveyard:dark_iron_ingot":2,"minecraft:rotten_flesh":73,"minecraft:oak_planks":3,"minecraft:azure_bluet":9,"minecraft:brick_stairs":3,"minecraft:spruce_slab":1,"cardinal_sins:stone_greatsword":1,"minecraft:stone_brick_stairs":2,"biomesoplenty:tall_lavender":1,"minecraft:wheat_seeds":307,"minecraft:oak_fence":2,"minecraft:prismarine_crystals":5,"biomesoplenty:lavender":26,"minecraft:feather":2,"minecraft:iron_helmet":1,"minecraft:cobblestone":62,"minecraft:apple":1,"minecraft:golden_apple":1,"minecraft:golden_carrot":32,"biomesoplenty:brimstone":12,"minecraft:cherry_planks":4,"minecraft:oak_stairs":1,"iceandfire:dragonscales_white":15,"minecraft:string":6,"minecraft:spruce_sapling":1,"minecraft:stone_brick_slab":1,"iceandfire:silver_nugget":4,"minecraft:furnace":1,"minecraft:moss_carpet":8,"minecraft:stone_sword":1,"minecraft:white_carpet":1,"minecraft:iron_boots":5,"minecraft:slime_block":1,"minecraft:stone_slab":1,"minecraft:white_terracotta":13,"minecraft:nether_bricks":39,"minecraft:pumpkin_seeds":1,"minecraft:bundle":1,"minecraft:stone_bricks":3,"minecraft:bamboo":6,"minecraft:bow":3,"iceandfire:sea_serpent_fang":2,"graveyard:bone_remains":1,"minecraft:black_wool":2,"minecraft:oak_log":2,"minecraft:lantern":2,"minecraft:leather":1,"biomesoplenty:rose_quartz_chunk":2,"minecraft:cod":1,"minecraft:flint":1,"minecraft:cracked_polished_blackstone_bricks":1,"tombstone:bag_of_seeds":2,"ars_nouveau:red_archwood_log":121,"minecraft:polished_blackstone_brick_stairs":2,"minecraft:polished_blackstone_bricks":2,"minecraft:gold_ingot":4,"minecraft:gravel":15,"minecraft:chiseled_polished_blackstone":2,"minecraft:blackstone":25,"minecraft:mangrove_roots":2,"minecraft:soul_lantern":1,"minecraft:pointed_dripstone":2,"minecraft:beetroot":1,"iceandfire:frozen_stone":6,"minecraft:chiseled_stone_bricks":1,"minecraft:gunpowder":3,"undead_revamp2:bostroxset_helmet":2,"epicpaladins:arclight_pickaxe":3,"minecraft:basalt":2,"minecraft:iron_bars":7,"minecraft:arrow":20,"undead_revamp2:rawbostrox":2,"minecraft:scaffolding":17,"minecraft:quartz":11,"epicpaladins:moonlight_gem":1,"minecraft:bread":84,"minecraft:mossy_cobblestone":7,"minecraft:poisonous_potato":1,"minecraft:spectral_arrow":58,"graveyard:skull_on_pike":2,"mowziesmobs:wrought_axe":1,"minecraft:stick":18,"illagerinvasion:platinum_chunk":1,"minecraft:torch":2,"tombstone:grave_dust":15,"minecraft:iron_leggings":1,"minecraft:wither_rose":4,"minecraft:flowering_azalea":1,"minecraft:iron_axe":1,"epicpaladins:arclight_gem":15,"minecraft:dandelion":10,"minecraft:polished_deepslate":2,"minecraft:kelp":11,"ars_nouveau:archwood_planks":16,"minecraft:tuff":54,"epicpaladins:bloodstone_gem":3,"minecraft:stripped_oak_log":18,"enemyexpansion:phantom_eye":1,"graveyard:skeleton_hand":2,"undead_revamp2:bostroxset_chestplate":1,"minecraft:iron_chestplate":2,"minecraft:andesite":1811,"minecraft:mossy_stone_bricks":1,"minecraft:golden_leggings":1,"minecraft:oak_sapling":4,"ars_nouveau:green_archwood_log":55,"minecraft:slime_ball":12,"iceandfire:fire_dragon_heart":1,"minecraft:stone_pickaxe":1,"minecraft:wooden_pickaxe":1},"minecraft:crafted":{"epicpaladins:arclight_sword":1,"iceandfire:tide_purple_leggings":1,"epicpaladins:bloodstone_axe":1,"sophisticatedbackpacks:anvil_upgrade":1,"minecraft:cooked_mutton":7,"undead_revamp2:bostroxset_chestplate":1,"sophisticatedbackpacks:copper_backpack":3,"undead_revamp2:bostroxset_boots":2,"minecraft:copper_ingot":27,"minecraft:golden_leggings":1,"minecraft:iron_pickaxe":1,"minecraft:iron_block":6,"minecraft:gold_ingot":21,"slashblade:proudsoul":1,"minecraft:golden_carrot":113,"iceandfire:dragonbone_sword_fire":1,"slashblade:slashblade_wood":14,"minecraft:bone_meal":342,"minecraft:stone_pickaxe":1,"minecraft:dark_oak_planks":4,"minecraft:wheat":180,"iceandfire:dragonbone_sword":1,"minecraft:crossbow":1,"minecraft:wooden_axe":3,"minecraft:iron_leggings":1,"minecraft:white_bed":1,"undead_revamp2:bostroxset_helmet":1,"ars_nouveau:archwood_planks":260,"epicpaladins:arclight_pickaxe":2,"minecraft:iron_boots":1,"justhammers:diamond_hammer":1,"minecraft:chest":12,"iceandfire:armor_blue_boots":1,"sophisticatedbackpacks:backpack":6,"minecraft:crafting_table":16,"minecraft:spruce_planks":24,"minecraft:wooden_pickaxe":1,"minecraft:baked_potato":81,"minecraft:iron_helmet":1,"minecraft:birch_planks":20,"sophisticatedbackpacks:upgrade_base":1,"slashblade:proudsoul_ingot":1,"minecraft:iron_chestplate":2,"minecraft:shield":1,"minecraft:stick":64,"minecraft:iron_ingot":232,"minecraft:cherry_planks":8,"minecraft:wooden_sword":14,"minecraft:raw_iron":72,"iceandfire:armor_blue_chestplate":1,"minecraft:furnace":4,"graveyard:leaning_wither_skeleton":1,"minecraft:iron_axe":2,"sophisticatedbackpacks:iron_backpack":3,"minecraft:cooked_beef":37,"paraglider:paraglider":1,"minecraft:stone_axe":3,"minecraft:bread":133,"minecraft:gold_nugget":54,"minecraft:anvil":2,"undead_revamp2:bostroxingot":32,"minecraft:torch":64},"minecraft:killed":{"illagerinvasion:archivist":3,"minecraft:cave_spider":3,"undead_revamp2:clogger":1,"graveyard:wraith":10,"illagerinvasion:basher":1,"undead_revamp2:theswarmer":1,"minecraft:skeleton":15,"undead_revamp2:deadclogger":1,"graveyard:acolyte":1,"alexsmobs:leafcutter_ant":1,"minecraft:chicken":1,"undead_revamp2:thespitter":2,"minecraft:cat":1,"illagerinvasion:necromancer":1,"minecraft:magma_cube":24,"minecraft:iron_golem":3,"minecraft:pillager":26,"enemyexpansion:meature":1,"minecraft:zombie":9,"enemyexpansion:botfly":1,"iceandfire:sea_serpent":2,"minecraft:cow":5,"minecraft:evoker":1,"undead_revamp2:thehunter":1,"undead_revamp2:theimmortal":1,"graveyard:corrupted_vindicator":21,"mowziesmobs:ferrous_wroughtnaut":1,"iceandfire:siren":2,"minecraft:husk":1,"ars_nouveau:drygmy":1,"ars_nouveau:starbuncle":1,"undead_revamp2:the_moonflower":2,"iceandfire:ghost":6,"graveyard:skeleton_creeper":1,"alexsmobs:anaconda":1,"minecraft:spider":4,"undead_revamp2:thesmoker":1,"illagerinvasion:provoker":2,"minecraft:pig":2,"minecraft:creeper":4,"minecraft:sheep":8,"alexsmobs:terrapin":2,"iceandfire:pixie":1,"graveyard:corrupted_pillager":6,"minecraft:vex":3,"undead_revamp2:thegliter":1,"minecraft:giant":1,"minecraft:slime":15,"enemyexpansion:direwolf":3,"minecraft:phantom":3,"iceandfire:fire_dragon":1,"lostfeatures:barnacle":1,"alexsmobs:bison":5,"minecraft:drowned":3,"undead_revamp2:sucker":1,"alexsmobs:cockroach":1,"enemyexpansion:huntsman":1,"ars_nouveau:whirlisprig":1,"minecraft:wither_skeleton":3},"minecraft:broken":{"minecraft:iron_leggings":1,"minecraft:shield":1,"iceandfire:armor_blue_chestplate":1,"minecraft:stone_axe":2,"minecraft:wooden_axe":2,"slashblade:slashblade_wood":4,"iceandfire:armor_blue_boots":1},"minecraft:killed_by":{"graveyard:corrupted_pillager":1,"iceandfire:fire_dragon":1,"minecraft:player":2},"minecraft:custom":{"minecraft:interact_with_crafting_table":91,"minecraft:open_barrel":61,"minecraft:leave_game":3,"minecraft:time_since_death":1721,"minecraft:damage_blocked_by_shield":2200,"minecraft:play_time":533183,"minecraft:deaths":29,"minecraft:jump":12877,"minecraft:interact_with_furnace":113,"minecraft:sleep_in_bed":4,"minecraft:damage_dealt":61029,"tombstone:undead_killed":65,"minecraft:interact_with_anvil":1,"minecraft:damage_dealt_absorbed":83,"minecraft:sneak_time":17061,"minecraft:interact_with_lectern":1,"minecraft:interact_with_blast_furnace":55,"minecraft:total_world_time":533183,"tombstone:raider_killed":37,"minecraft:tune_noteblock":1,"minecraft:time_since_rest":1355,"minecraft:swim_one_cm":322709,"minecraft:fly_one_cm":1612201,"minecraft:open_chest":189,"minecraft:fall_one_cm":251657,"minecraft:sprint_one_cm":1286732,"minecraft:drop":852,"minecraft:play_noteblock":2,"minecraft:interact_with_brewingstand":2,"minecraft:walk_on_water_one_cm":185347,"minecraft:crouch_one_cm":41486,"minecraft:mob_kills":232,"minecraft:damage_dealt_resisted":459,"minecraft:climb_one_cm":18636,"minecraft:walk_one_cm":1257844,"minecraft:walk_under_water_one_cm":193036,"minecraft:boat_one_cm":89768,"minecraft:damage_taken":29176,"minecraft:damage_absorbed":40,"minecraft:trigger_trapped_chest":1},"minecraft:used":{"minecraft:chest":4,"minecraft:soul_sand":2,"epicpaladins:bloodstone_axe":123,"minecraft:cracked_deepslate_tiles":1,"epicpaladins:arclight_sword":129,"minecraft:sweet_berries":5,"minecraft:furnace":10,"minecraft:oak_sapling":1,"minecraft:potato":12,"minecraft:blackstone":3,"minecraft:wooden_pickaxe":13,"minecraft:golden_apple":1,"minecraft:blast_furnace":8,"minecraft:deepslate_tiles":6,"minecraft:crying_obsidian":3,"ars_nouveau:purple_archwood_log":1,"graveyard:leaning_wither_skeleton":1,"minecraft:fire_charge":1,"minecraft:dark_oak_fence":3,"minecraft:netherrack":2,"minecraft:torch":83,"minecraft:nether_brick_slab":2,"minecraft:nether_brick_stairs":1,"ars_nouveau:red_archwood_log":23,"minecraft:iron_axe":44,"iceandfire:armor_blue_chestplate":1,"minecraft:smooth_quartz":2,"iceandfire:dragon_ice":1,"iceandfire:armor_blue_boots":1,"tombstone:gift":7,"minecraft:cobbled_deepslate":12,"minecraft:wheat_seeds":156,"minecraft:water_bucket":53,"alexsmobs:cooked_catfish":1,"undead_revamp2:bostroxset_boots":1,"graveyard:ossuary":1,"minecraft:polished_blackstone_bricks":81,"minecraft:crafting_table":22,"justhammers:diamond_hammer":329,"minecraft:red_bed":3,"iceandfire:tide_purple_leggings":1,"mowziesmobs:wrought_axe":849,"minecraft:oak_log":3,"epicpaladins:arclight_pickaxe":1710,"iceandfire:dragonbone_sword_fire":104,"minecraft:iron_pickaxe":16,"minecraft:chiseled_stone_bricks":2,"minecraft:cobblestone":202,"minecraft:potion":4,"minecraft:cooked_porkchop":4,"minecraft:porkchop":3,"minecraft:stripped_oak_log":1,"minecraft:diamond_hoe":26,"minecraft:shield":38,"minecraft:iron_chestplate":2,"minecraft:mutton":6,"minecraft:nether_bricks":7,"minecraft:tuff":3,"minecraft:obsidian":1,"minecraft:big_dripleaf":1,"minecraft:iron_helmet":4,"minecraft:stone_bricks":7,"minecraft:stone_pickaxe":88,"ars_nouveau:archwood_planks":62,"undead_revamp2:bostroxset_chestplate":1,"undead_revamp2:bostroxset_helmet":4,"sophisticatedbackpacks:backpack":5,"minecraft:dark_oak_log":1,"minecraft:bread":179,"minecraft:andesite":172,"minecraft:bone_meal":342,"minecraft:experience_bottle":10,"sophisticatedbackpacks:iron_backpack":2,"biomesoplenty:brimstone":1,"minecraft:flint_and_steel":1,"undead_revamp2:blacpetalblock":1,"minecraft:spruce_planks":24,"minecraft:dirt":5,"minecraft:spruce_stairs":1,"minecraft:spruce_fence":1,"biomesoplenty:black_sandstone":1,"minecraft:wooden_axe":168,"minecraft:dark_oak_planks":4,"minecraft:iron_boots":1,"minecraft:golden_carrot":15,"slashblade:slashblade_wood":251,"minecraft:cooked_beef":31,"minecraft:iron_leggings":1,"minecraft:cooked_mutton":8,"iceandfire:fire_dragon_flesh":1,"minecraft:cobblestone_stairs":1,"minecraft:baked_potato":22,"minecraft:nether_gold_ore":26,"tombstone:bag_of_seeds":1,"minecraft:apple":38,"minecraft:cracked_polished_blackstone_bricks":19,"minecraft:stone_slab":1,"iceandfire:ash":1,"minecraft:golden_leggings":1,"minecraft:stone_axe":357,"minecraft:bucket":53}},"DataVersion":3465}