{"stats":{"minecraft:killed":{"minecraft:cat":1,"jujutsucraft:cursed_spirit_grade_32":1,"naturalist:zebra":1,"jujutsucraft:cursed_spirit_grade_33":2,"naturalist:bear":1,"naturalist:firefly":2,"jujutsucraft:cursed_spirit_grade_318":1,"minecraft:sheep":2,"minecraft:pillager":28,"jujutsucraft:cursed_spirit_grade_312":1,"jujutsucraft:cursed_spirit_grade_313":1,"alexsmobs:fly":1,"jujutsucraft:cursed_spirit_grade_315":1,"jujutsucraft:cursed_spirit_grade_38":1,"jujutsucraft:cursed_spirit_grade_34":9,"jujutsucraft:transfigured_human_1":1,"minecraft:villager":1},"minecraft:custom":{"minecraft:mob_kills":56,"minecraft:inspect_hopper":2,"tombstone:raider_killed":28,"minecraft:interact_with_crafting_table":8,"minecraft:open_barrel":2,"minecraft:damage_dealt_resisted":2691,"minecraft:leave_game":2,"minecraft:time_since_death":21398,"minecraft:sleep_in_bed":1,"minecraft:climb_one_cm":3976,"minecraft:damage_resisted":446,"minecraft:time_since_rest":5248,"minecraft:sprint_one_cm":120877,"minecraft:damage_taken":2390,"minecraft:walk_one_cm":87746,"minecraft:drop":3,"minecraft:swim_one_cm":22482,"minecraft:fly_one_cm":451333,"minecraft:open_chest":1,"minecraft:crouch_one_cm":386,"minecraft:play_time":40614,"minecraft:deaths":3,"minecraft:sneak_time":347,"minecraft:walk_under_water_one_cm":12045,"tombstone:villager_killed":1,"minecraft:jump":1332,"minecraft:walk_on_water_one_cm":7602,"minecraft:total_world_time":40614,"minecraft:fall_one_cm":65218},"minecraft:killed_by":{"jujutsucraft:cursed_spirit_grade_38":1},"minecraft:dropped":{"minecraft:vine":1,"jujutsucraft:uniform_normal_leggings":1,"jujutsucraft:uniform_normal_chestplate":1},"minecraft:used":{"minecraft:water_bucket":4,"minecraft:stone_pickaxe":79,"minecraft:wooden_pickaxe":10,"minecraft:white_wool":2,"minecraft:crafting_table":3,"minecraft:jungle_planks":9,"biomesoplenty:wildflower":1,"jujutsucraft:uniform_gojo_chestplate":1,"minecraft:iron_axe":15,"minecraft:iron_pickaxe":51,"jujutsucraft:uniform_gojo_leggings":1,"minecraft:cobblestone":4,"minecraft:bucket":5,"tombstone:gift":1,"alexsmobs:animal_dictionary":1,"jujutsucraft:sunglasses_helmet":1,"minecraft:iron_leggings":1},"minecraft:mined":{"minecraft:oak_slab":1,"biomesoplenty:wildflower":1,"biomesoplenty:desert_grass":1,"minecraft:crafting_table":1,"minecraft:ladder":1,"minecraft:grass_block":1,"minecraft:decorated_pot":1,"minecraft:jungle_log":6,"minecraft:tall_grass":1,"minecraft:polished_diorite":1,"biomesoplenty:sprout":1,"minecraft:moss_block":1,"minecraft:sugar_cane":1,"minecraft:tinted_glass":1,"minecraft:iron_ore":60,"minecraft:grass":1,"minecraft:coal_ore":45,"minecraft:oak_log":8,"minecraft:vine":1,"minecraft:iron_bars":1,"minecraft:stone":17,"minecraft:iron_block":8,"minecraft:emerald_block":1,"minecraft:green_bed":1},"minecraft:crafted":{"minecraft:crafting_table":2,"minecraft:wooden_pickaxe":1,"minecraft:iron_helmet":1,"minecraft:bucket":1,"minecraft:jungle_planks":24,"minecraft:iron_boots":1,"minecraft:iron_chestplate":1,"minecraft:iron_axe":1,"minecraft:stick":8,"minecraft:iron_ingot":36,"minecraft:iron_pickaxe":1,"minecraft:stone_pickaxe":1,"minecraft:iron_leggings":1},"minecraft:picked_up":{"minecraft:crafting_table":1,"minecraft:ladder":1,"minecraft:jungle_log":6,"minecraft:dirt":1,"minecraft:white_banner":4,"minecraft:tinted_glass":1,"biomesoplenty:wildflower":1,"minecraft:sugar_cane":3,"minecraft:raw_iron":60,"minecraft:emerald_block":1,"minecraft:green_bed":1,"minecraft:vine":1,"minecraft:polished_diorite":1,"minecraft:crossbow":2,"minecraft:iron_block":6,"minecraft:iron_bars":1,"minecraft:mutton":3,"minecraft:coal":45,"minecraft:white_wool":2,"minecraft:cobblestone":17}},"DataVersion":3465}