{"stats":{"minecraft:killed":{"jujutsucraft:cursed_spirit_grade_32":17,"jujutsucraft:transfigured_human_3":1,"naturalist:zebra":1,"jujutsucraft:cursed_spirit_grade_21":2,"naturalist:lion":3,"jujutsucraft:cursed_spirit_grade_31":3,"jujutsucraft:cursed_spirit_grade_33":35,"jujutsucraft:stevenson_screen":2,"jujutsucraft:cursed_spirit_grade_12":2,"jujutsucraft:cursed_spirit_grade_24":1,"jujutsucraft:cursed_spirit_grade_37":1,"jujutsucraft:cursed_spirit_grade_35":2,"jujutsucraft:cursed_spirit_grade_318":12,"jujutsucraft:cursed_spirit_grade_316":6,"jujutsucraft:geto_suguru":1,"jujutsucraft:kumiya_juzo":1,"jujutsucraft:transfigured_human_2":3,"minecraft:pufferfish":2,"jujutsucraft:cursed_spirit_grade_39":13,"jujutsucraft:cursed_spirit_grade_312":4,"jujutsucraft:cursed_spirit_grade_313":9,"jujutsucraft:cursed_spirit_grade_16":1,"jujutsucraft:sea_serpent":2,"jujutsucraft:cursed_spirit_grade_08":1,"alexsmobs:centipede_head":2,"jujutsucraft:cursed_spirit_grade_317":12,"jujutsucraft:cursed_spirit_grade_38":4,"jujutsucraft:cursed_spirit_grade_34":31,"jujutsucraft:cursed_spirit_grade_27":1,"jujutsucraft:transfigured_human_1":1,"minecraft:camel":1,"minecraft:tropical_fish":6,"alexsmobs:triops":3,"minecraft:cat":1,"jujutsucraft:dagon_1":1,"naturalist:bear":1,"naturalist:firefly":2,"jujutsucraft:awasaka_jiro":1,"naturalist:lizard_tail":1,"minecraft:bat":11,"minecraft:sheep":2,"jujutsucraft:cursed_spirit_grade_28":2,"minecraft:pillager":120,"jujutsucraft:cursed_spirit_grade_314":14,"jujutsucraft:cursed_spirit_grade_14":1,"alexsmobs:cockroach":4,"jujutsucraft:cockroaches":36,"jujutsucraft:crow":1,"jujutsucraft:cursed_spirit_grade_311":4,"jujutsucraft:cursed_spirit_grade_310":9,"alexsmobs:gazelle":2,"jujutsucraft:cursed_spirit_grade_36":14,"naturalist:lizard":1,"alexsmobs:fly":3,"minecraft:glow_squid":4,"jujutsucraft:cursed_spirit_grade_315":33,"minecraft:villager":1,"alexsmobs:jerboa":2,"minecraft:cow":4},"minecraft:mined":{"minecraft:dark_oak_leaves":2,"minecraft:deepslate_diamond_ore":9,"biomesoplenty:desert_grass":1,"minecraft:ladder":1,"minecraft:grass_block":1,"minecraft:decorated_pot":1,"minecraft:jungle_log":6,"minecraft:polished_diorite":1,"minecraft:moss_block":1,"minecraft:spawner":1,"minecraft:hay_block":84,"minecraft:furnace":10,"minecraft:iron_ore":439,"minecraft:cobbled_deepslate":21,"minecraft:fire":22,"minecraft:deepslate_lapis_ore":6,"minecraft:anvil":5,"minecraft:gold_block":1,"minecraft:deepslate_iron_ore":26,"minecraft:vine":1,"minecraft:iron_bars":1,"minecraft:stone":69,"biomesoplenty:spider_egg":3,"minecraft:iron_block":12,"minecraft:green_bed":2,"minecraft:oak_slab":1,"minecraft:acacia_leaves":2,"biomesoplenty:wildflower":1,"minecraft:crafting_table":1,"minecraft:blast_furnace":2,"minecraft:emerald_ore":10,"minecraft:tall_grass":2,"minecraft:cobblestone":2,"biomesoplenty:sprout":1,"minecraft:deepslate_gold_ore":5,"minecraft:sugar_cane":1,"minecraft:tinted_glass":1,"minecraft:wheat":1,"minecraft:grass":4,"minecraft:coal_ore":110,"minecraft:oak_log":8,"biomesoplenty:stringy_cobweb":1,"minecraft:cobweb":17,"minecraft:emerald_block":1,"minecraft:deepslate":54},"minecraft:dropped":{"minecraft:vine":1,"minecraft:glow_ink_sac":16,"biomesoplenty:hanging_cobweb":2,"minecraft:crossbow":1,"minecraft:leather":3,"minecraft:stick":2,"tombstone:grave_dust":1,"minecraft:sand":11,"minecraft:white_banner":1,"minecraft:iron_axe":1,"jujutsucraft:dragon_bone":1,"jujutsucraft:sukuna_finger":2,"tombstone:familiar_stone":1,"jujutsucraft:uniform_normal_leggings":1,"minecraft:deepslate":31,"minecraft:wheat":1,"minecraft:cooked_mutton":3,"jujutsucraft:uniform_normal_chestplate":1,"minecraft:potato":29,"alexsmobs:cockroach_wing_fragment":3,"biomesoplenty:webbing":1},"minecraft:picked_up":{"minecraft:crafting_table":1,"minecraft:wheat":3,"minecraft:ladder":1,"minecraft:anvil":5,"minecraft:gold_block":1,"alexsmobs:gazelle_horn":2,"minecraft:string":23,"minecraft:cobbled_deepslate":66,"minecraft:beef":8,"minecraft:tinted_glass":1,"biomesoplenty:wildflower":1,"minecraft:sugar_cane":3,"biomesoplenty:hanging_cobweb":2,"minecraft:furnace":10,"minecraft:stick":1,"minecraft:raw_iron":622,"minecraft:stone":3,"jujutsucraft:playful_cloud":1,"minecraft:green_bed":3,"minecraft:torch":1,"minecraft:vine":2,"alexsmobs:centipede_leg":2,"minecraft:hay_block":84,"minecraft:iron_block":10,"minecraft:mutton":3,"minecraft:iron_bars":1,"minecraft:white_wool":2,"minecraft:cobblestone":69,"minecraft:cooked_beef":8,"minecraft:glow_ink_sac":14,"minecraft:jungle_log":6,"minecraft:leather":3,"minecraft:potato":22,"jujutsucraft:sukuna_finger":2,"naturalist:lizard_tail":1,"minecraft:lapis_lazuli":39,"minecraft:dirt":1,"minecraft:white_banner":5,"minecraft:apple":1,"alexsmobs:cockroach_wing_fragment":3,"biomesoplenty:webbing":1,"minecraft:raw_gold":5,"minecraft:iron_ingot":17,"minecraft:tall_grass":1,"jujutsucraft:dragon_bone":1,"minecraft:emerald_block":1,"minecraft:sand":12,"minecraft:blast_furnace":2,"alexsmobs:kangaroo_hide":1,"minecraft:diamond":9,"minecraft:deepslate":35,"minecraft:polished_diorite":1,"minecraft:crossbow":4,"minecraft:emerald":10,"minecraft:baked_potato":35,"minecraft:coal":358},"minecraft:used":{"minecraft:stone":1,"jujutsucraft:sukuna_finger":1,"minecraft:anvil":1,"minecraft:dirt":1,"minecraft:jungle_planks":9,"jujutsucraft:uniform_gojo_chestplate":1,"minecraft:lava_bucket":25,"minecraft:iron_axe":16,"jujutsucraft:uniform_gojo_leggings":1,"minecraft:tall_grass":1,"minecraft:furnace":8,"jujutsucraft:playful_cloud":4,"tombstone:gift":2,"minecraft:cobbled_deepslate":25,"minecraft:iron_leggings":1,"minecraft:water_bucket":22,"minecraft:stone_pickaxe":79,"minecraft:wooden_pickaxe":10,"minecraft:green_bed":2,"minecraft:white_wool":2,"minecraft:sand":1,"minecraft:vine":1,"minecraft:crafting_table":7,"minecraft:blast_furnace":4,"biomesoplenty:wildflower":1,"minecraft:iron_pickaxe":706,"jujutsucraft:dragon_bone":20,"minecraft:deepslate":12,"minecraft:cobblestone":31,"minecraft:bucket":48,"jujutsucraft:sunglasses_helmet":1,"alexsmobs:animal_dictionary":1,"minecraft:smooth_stone":1,"minecraft:experience_bottle":1},"minecraft:crafted":{"minecraft:smooth_stone":13,"minecraft:oak_planks":24,"minecraft:furnace":6,"minecraft:blast_furnace":4,"minecraft:stone":13,"minecraft:cooked_mutton":3,"minecraft:iron_boots":1,"minecraft:iron_axe":1,"minecraft:stone_pickaxe":1,"minecraft:emerald":9,"minecraft:crafting_table":6,"minecraft:wooden_pickaxe":1,"minecraft:iron_helmet":1,"minecraft:bucket":1,"minecraft:bread":5,"minecraft:jungle_planks":24,"minecraft:iron_chestplate":1,"minecraft:stick":12,"minecraft:iron_ingot":231,"minecraft:iron_pickaxe":3,"minecraft:iron_block":18,"minecraft:gold_ingot":16,"minecraft:iron_leggings":1},"minecraft:killed_by":{"jujutsucraft:cursed_spirit_grade_38":1,"minecraft:player":8,"jujutsucraft:cursed_spirit_grade_14":1,"jujutsucraft:kenjaku":1,"jujutsucraft:cursed_spirit_grade_12":1,"jujutsucraft:kashimo_hajime":8,"jujutsucraft:nanami_kento":1,"jujutsucraft:cursed_spirit_grade_19":5,"jujutsucraft:sukuna":1,"jujutsucraft:fushiguro_toji_bug":3,"jujutsucraft:cursed_spirit_grade_04":1,"jujutsucraft:gojo_satoru":2,"jujutsucraft:okkotsu_yuta":1,"jujutsucraft:geto_suguru":1,"jujutsucraft:sukuna_fushiguro":5,"jujutsucraft:inumaki_toge":2,"jujutsucraft:ishigori_ryu":2,"jujutsucraft:cursed_spirit_grade_21":1,"jujutsucraft:cursed_spirit_grade_06":1},"minecraft:broken":{"minecraft:iron_boots":1,"minecraft:iron_chestplate":1,"minecraft:iron_leggings":1,"minecraft:iron_pickaxe":2,"minecraft:iron_helmet":1},"minecraft:custom":{"minecraft:interact_with_anvil":1,"minecraft:mob_kills":464,"minecraft:inspect_hopper":2,"minecraft:interact_with_crafting_table":35,"minecraft:open_barrel":12,"minecraft:damage_dealt_resisted":75882,"minecraft:leave_game":10,"minecraft:time_since_death":2503,"minecraft:climb_one_cm":7427,"minecraft:damage_resisted":53572,"minecraft:sprint_one_cm":890749,"minecraft:walk_one_cm":640540,"minecraft:drop":66,"minecraft:damage_dealt_absorbed":40,"minecraft:play_time":258549,"minecraft:deaths":51,"minecraft:sneak_time":1020,"minecraft:walk_under_water_one_cm":119643,"minecraft:jump":6213,"minecraft:interact_with_blast_furnace":42,"minecraft:walk_on_water_one_cm":83934,"minecraft:total_world_time":258549,"minecraft:interact_with_furnace":41,"tombstone:raider_killed":120,"minecraft:sleep_in_bed":1,"minecraft:time_since_rest":1884,"minecraft:damage_taken":31300,"minecraft:damage_absorbed":325,"minecraft:swim_one_cm":71365,"minecraft:fly_one_cm":3133772,"minecraft:open_chest":24,"minecraft:crouch_one_cm":2347,"tombstone:villager_killed":1,"minecraft:fall_one_cm":482799}},"DataVersion":3465}