{"stats":{"minecraft:mined":{"minecraft:grass":4,"minecraft:melon":1,"minecraft:tall_grass":1,"minecraft:sugar_cane":4},"minecraft:killed":{"minecraft:donkey":1,"alexsmobs:gazelle":1,"alexsmobs:fly":4,"minecraft:tropical_fish":5,"alexsmobs:triops":1,"minecraft:pufferfish":1},"minecraft:dropped":{"minecraft:feather":1},"minecraft:killed_by":{"minecraft:player":1,"jujutsucraft:inumaki_toge":1,"jujutsucraft:cursed_spirit_grade_06":1,"jujutsucraft:zenin_maki_culling_game":1},"minecraft:picked_up":{"minecraft:stick":2,"minecraft:feather":1,"jujutsucraft:uniform_gojo_boots":1,"jujutsucraft:item_insect":2,"jujutsucraft:uniform_normal_boots":2,"jujutsucraft:cursed_technique_changer":1,"minecraft:sand":1,"jujutsucraft:uniform_gojo_leggings":1,"jujutsucraft:uniform_normal_chestplate":1,"jujutsucraft:uniform_gojo_chestplate":1,"jujutsucraft:sunglasses_helmet":1,"alexsmobs:animal_dictionary":1,"jujutsucraft:uniform_normal_leggings":2,"minecraft:rabbit":1,"minecraft:melon_slice":7,"minecraft:sugar_cane":1},"minecraft:custom":{"minecraft:time_since_rest":842,"minecraft:sprint_one_cm":51312,"minecraft:damage_taken":2097,"minecraft:walk_one_cm":46161,"minecraft:mob_kills":13,"minecraft:drop":1,"minecraft:damage_dealt":25,"minecraft:swim_one_cm":10821,"minecraft:player_kills":2,"minecraft:fly_one_cm":292759,"minecraft:crouch_one_cm":418,"minecraft:play_time":13806,"minecraft:sneak_time":611,"minecraft:deaths":5,"minecraft:walk_under_water_one_cm":1010,"minecraft:jump":405,"minecraft:damage_dealt_resisted":10,"minecraft:leave_game":2,"minecraft:time_since_death":816,"minecraft:walk_on_water_one_cm":1366,"minecraft:total_world_time":13806,"minecraft:climb_one_cm":188,"minecraft:fall_one_cm":12470},"minecraft:used":{"jujutsucraft:uniform_gojo_leggings":2,"minecraft:sand":1,"jujutsucraft:uniform_gojo_boots":2,"jujutsucraft:uniform_normal_leggings":1,"jujutsucraft:sunglasses_helmet":2,"jujutsucraft:uniform_normal_chestplate":1,"jujutsucraft:uniform_gojo_chestplate":2}},"DataVersion":3465}