{"stats":{"minecraft:mined":{"minecraft:grass_block":2,"minecraft:melon":1,"minecraft:dead_bush":2,"minecraft:tall_grass":1,"minecraft:sugar_cane":4,"minecraft:grass":4},"minecraft:killed":{"jujutsucraft:cursed_spirit_grade_32":2,"jujutsucraft:transfigured_human_3":1,"jujutsucraft:cursed_spirit_grade_33":5,"alexsmobs:guster":3,"minecraft:bat":2,"jujutsucraft:itadori_yuji":1,"minecraft:squid":2,"minecraft:pufferfish":6,"jujutsucraft:cursed_spirit_grade_28":1,"alexsmobs:catfish":2,"jujutsucraft:cursed_spirit_grade_39":1,"minecraft:donkey":2,"jujutsucraft:crow":3,"alexsmobs:leafcutter_ant":3,"alexsmobs:toucan":6,"alexsmobs:gazelle":1,"alexsmobs:rain_frog":2,"jujutsucraft:panda_normal":1,"alexsmobs:fly":9,"jujutsucraft:cursed_spirit_grade_34":4,"minecraft:tropical_fish":14,"alexsmobs:triops":1,"alexsmobs:jerboa":2},"minecraft:dropped":{"minecraft:feather":1},"minecraft:killed_by":{"jujutsucraft:cursed_spirit_grade_36":1,"alexsmobs:guster":1,"jujutsucraft:itadori_yuji":1,"minecraft:player":1,"jujutsucraft:inumaki_toge":1,"jujutsucraft:cursed_spirit_grade_33":1,"jujutsucraft:cursed_spirit_grade_06":1,"jujutsucraft:cursed_spirit_grade_21":1,"jujutsucraft:zenin_maki_culling_game":1,"jujutsucraft:zenin_naoya_cursed_spirit_2":1},"minecraft:picked_up":{"minecraft:feather":1,"jujutsucraft:uniform_gojo_boots":1,"jujutsucraft:uniform_normal_boots":2,"minecraft:lead":2,"jujutsucraft:cursed_technique_changer":1,"minecraft:dirt":3,"jujutsucraft:uniform_normal_leggings":2,"minecraft:rabbit":1,"minecraft:melon_slice":7,"minecraft:sugar_cane":1,"minecraft:chest":1,"minecraft:stick":5,"minecraft:sandstone":5,"minecraft:stone":2,"jujutsucraft:item_insect":2,"minecraft:sand":5,"jujutsucraft:uniform_gojo_leggings":1,"jujutsucraft:uniform_normal_chestplate":1,"jujutsucraft:uniform_gojo_chestplate":1,"jujutsucraft:sunglasses_helmet":1,"alexsmobs:animal_dictionary":1,"alexsmobs:guster_eye":2,"jujutsucraft:naginata":1},"minecraft:custom":{"minecraft:mob_kills":88,"minecraft:damage_dealt_resisted":3692,"minecraft:leave_game":3,"minecraft:time_since_death":5971,"minecraft:climb_one_cm":701,"minecraft:damage_resisted":935,"minecraft:time_since_rest":5998,"minecraft:sprint_one_cm":120910,"minecraft:damage_taken":5284,"minecraft:walk_one_cm":80689,"minecraft:drop":1,"minecraft:damage_dealt":885,"minecraft:swim_one_cm":41304,"minecraft:fly_one_cm":801103,"minecraft:player_kills":2,"minecraft:open_chest":1,"minecraft:crouch_one_cm":693,"minecraft:play_time":30661,"minecraft:deaths":12,"minecraft:sneak_time":754,"minecraft:walk_under_water_one_cm":12337,"minecraft:jump":903,"minecraft:walk_on_water_one_cm":29978,"minecraft:total_world_time":30661,"minecraft:fall_one_cm":40063},"minecraft:used":{"minecraft:chest":1,"minecraft:sandstone":4,"minecraft:stone":2,"minecraft:dirt":2,"minecraft:sand":1,"jujutsucraft:uniform_gojo_boots":2,"jujutsucraft:uniform_normal_chestplate":1,"jujutsucraft:uniform_gojo_chestplate":2,"jujutsucraft:uniform_gojo_leggings":2,"jujutsucraft:uniform_normal_leggings":1,"jujutsucraft:sunglasses_helmet":2}},"DataVersion":3465}