{"stats":{"minecraft:killed":{"jujutsucraft:cursed_spirit_grade_32":2,"minecraft:cat":1,"naturalist:zebra":1,"naturalist:lion":3,"jujutsucraft:cursed_spirit_grade_33":11,"naturalist:bear":1,"naturalist:firefly":2,"minecraft:bat":1,"jujutsucraft:cursed_spirit_grade_37":1,"jujutsucraft:cursed_spirit_grade_318":1,"minecraft:sheep":2,"jujutsucraft:cursed_spirit_grade_39":2,"minecraft:pillager":28,"jujutsucraft:cursed_spirit_grade_313":1,"jujutsucraft:cursed_spirit_grade_312":1,"jujutsucraft:cursed_spirit_grade_314":1,"alexsmobs:gazelle":1,"jujutsucraft:cursed_spirit_grade_36":3,"alexsmobs:fly":1,"jujutsucraft:cursed_spirit_grade_317":1,"jujutsucraft:cursed_spirit_grade_315":3,"jujutsucraft:cursed_spirit_grade_38":1,"jujutsucraft:cursed_spirit_grade_34":11,"jujutsucraft:transfigured_human_1":1,"minecraft:villager":1},"minecraft:dropped":{"minecraft:vine":1,"jujutsucraft:uniform_normal_leggings":1,"jujutsucraft:uniform_normal_chestplate":1,"tombstone:grave_dust":1,"minecraft:iron_axe":1},"minecraft:mined":{"minecraft:oak_slab":1,"biomesoplenty:wildflower":1,"biomesoplenty:desert_grass":1,"minecraft:crafting_table":1,"minecraft:ladder":1,"minecraft:emerald_ore":4,"minecraft:grass_block":1,"minecraft:decorated_pot":1,"minecraft:jungle_log":6,"minecraft:tall_grass":2,"minecraft:cobblestone":2,"minecraft:polished_diorite":1,"biomesoplenty:sprout":1,"minecraft:deepslate_gold_ore":5,"minecraft:sugar_cane":1,"minecraft:moss_block":1,"minecraft:furnace":2,"minecraft:tinted_glass":1,"minecraft:iron_ore":60,"minecraft:cobbled_deepslate":20,"minecraft:deepslate_lapis_ore":6,"minecraft:grass":3,"minecraft:coal_ore":45,"minecraft:oak_log":8,"minecraft:deepslate_iron_ore":4,"minecraft:vine":1,"minecraft:iron_bars":1,"minecraft:stone":18,"minecraft:iron_block":8,"minecraft:green_bed":2,"minecraft:deepslate":10,"minecraft:emerald_block":1},"minecraft:picked_up":{"minecraft:crafting_table":1,"minecraft:ladder":1,"minecraft:jungle_log":6,"alexsmobs:gazelle_horn":2,"minecraft:lapis_lazuli":39,"minecraft:dirt":1,"minecraft:white_banner":4,"minecraft:apple":1,"minecraft:cobbled_deepslate":33,"minecraft:raw_gold":5,"minecraft:tall_grass":1,"minecraft:tinted_glass":1,"biomesoplenty:wildflower":1,"minecraft:sugar_cane":3,"minecraft:furnace":2,"jujutsucraft:dragon_bone":1,"minecraft:raw_iron":64,"minecraft:emerald_block":1,"minecraft:green_bed":2,"minecraft:vine":1,"minecraft:polished_diorite":1,"minecraft:crossbow":2,"minecraft:iron_block":6,"minecraft:emerald":4,"minecraft:mutton":3,"minecraft:iron_bars":1,"minecraft:coal":45,"minecraft:white_wool":2,"minecraft:cobblestone":20},"minecraft:used":{"minecraft:water_bucket":8,"minecraft:stone_pickaxe":79,"minecraft:wooden_pickaxe":10,"minecraft:green_bed":1,"minecraft:white_wool":2,"minecraft:dirt":1,"minecraft:crafting_table":4,"minecraft:jungle_planks":9,"minecraft:blast_furnace":2,"biomesoplenty:wildflower":1,"jujutsucraft:uniform_gojo_chestplate":1,"minecraft:iron_axe":16,"minecraft:iron_pickaxe":105,"jujutsucraft:uniform_gojo_leggings":1,"minecraft:cobblestone":10,"minecraft:tall_grass":1,"minecraft:furnace":2,"jujutsucraft:sunglasses_helmet":1,"minecraft:bucket":8,"tombstone:gift":2,"alexsmobs:animal_dictionary":1,"minecraft:cobbled_deepslate":1,"minecraft:smooth_stone":1,"minecraft:iron_leggings":1},"minecraft:crafted":{"minecraft:smooth_stone":7,"minecraft:oak_planks":24,"minecraft:emerald":9,"minecraft:crafting_table":3,"minecraft:wooden_pickaxe":1,"minecraft:iron_helmet":1,"minecraft:furnace":4,"minecraft:blast_furnace":2,"minecraft:stone":7,"minecraft:bucket":1,"minecraft:jungle_planks":24,"minecraft:iron_boots":1,"minecraft:iron_chestplate":1,"minecraft:iron_axe":1,"minecraft:stick":8,"minecraft:iron_ingot":102,"minecraft:iron_pickaxe":1,"minecraft:stone_pickaxe":1,"minecraft:iron_block":6,"minecraft:iron_leggings":1},"minecraft:killed_by":{"jujutsucraft:cursed_spirit_grade_38":1,"jujutsucraft:kashimo_hajime":8,"jujutsucraft:fushiguro_toji_bug":1},"minecraft:broken":{"minecraft:iron_boots":1,"minecraft:iron_helmet":1},"minecraft:custom":{"minecraft:interact_with_furnace":13,"minecraft:mob_kills":83,"minecraft:inspect_hopper":2,"tombstone:raider_killed":28,"minecraft:interact_with_crafting_table":18,"minecraft:open_barrel":2,"minecraft:damage_dealt_resisted":6502,"minecraft:leave_game":5,"minecraft:time_since_death":7753,"minecraft:sleep_in_bed":1,"minecraft:climb_one_cm":4385,"minecraft:damage_resisted":1446,"minecraft:time_since_rest":6294,"minecraft:sprint_one_cm":179036,"minecraft:damage_taken":6361,"minecraft:walk_one_cm":147190,"minecraft:drop":5,"minecraft:swim_one_cm":29376,"minecraft:fly_one_cm":775938,"minecraft:open_chest":3,"minecraft:crouch_one_cm":386,"minecraft:play_time":66214,"minecraft:deaths":13,"minecraft:sneak_time":347,"minecraft:walk_under_water_one_cm":23263,"tombstone:villager_killed":1,"minecraft:jump":1812,"minecraft:interact_with_blast_furnace":15,"minecraft:walk_on_water_one_cm":11383,"minecraft:total_world_time":66214,"minecraft:fall_one_cm":94852}},"DataVersion":3465}