{"stats":{"minecraft:killed":{"jujutsucraft:cursed_spirit_grade_32":5,"naturalist:zebra":1,"naturalist:lion":3,"jujutsucraft:cursed_spirit_grade_31":1,"jujutsucraft:cursed_spirit_grade_33":19,"jujutsucraft:cursed_spirit_grade_24":1,"jujutsucraft:cursed_spirit_grade_37":1,"jujutsucraft:cursed_spirit_grade_318":4,"jujutsucraft:cursed_spirit_grade_316":2,"jujutsucraft:geto_suguru":1,"jujutsucraft:transfigured_human_2":1,"jujutsucraft:cursed_spirit_grade_39":7,"jujutsucraft:cursed_spirit_grade_312":1,"jujutsucraft:cursed_spirit_grade_313":2,"alexsmobs:centipede_head":1,"jujutsucraft:cursed_spirit_grade_317":4,"jujutsucraft:cursed_spirit_grade_38":1,"jujutsucraft:cursed_spirit_grade_34":19,"jujutsucraft:transfigured_human_1":1,"minecraft:camel":1,"minecraft:cat":1,"naturalist:bear":1,"naturalist:firefly":2,"naturalist:lizard_tail":1,"minecraft:bat":4,"minecraft:sheep":2,"minecraft:pillager":28,"jujutsucraft:cursed_spirit_grade_314":9,"alexsmobs:cockroach":3,"jujutsucraft:crow":1,"jujutsucraft:cursed_spirit_grade_310":1,"alexsmobs:gazelle":2,"jujutsucraft:cursed_spirit_grade_36":4,"naturalist:lizard":1,"alexsmobs:fly":1,"minecraft:glow_squid":4,"jujutsucraft:cursed_spirit_grade_315":11,"minecraft:villager":1,"minecraft:cow":4,"alexsmobs:jerboa":2},"minecraft:mined":{"minecraft:dark_oak_leaves":2,"biomesoplenty:desert_grass":1,"minecraft:ladder":1,"minecraft:grass_block":1,"minecraft:decorated_pot":1,"minecraft:jungle_log":6,"minecraft:polished_diorite":1,"minecraft:moss_block":1,"minecraft:spawner":1,"minecraft:hay_block":84,"minecraft:furnace":2,"minecraft:iron_ore":79,"minecraft:cobbled_deepslate":21,"minecraft:deepslate_lapis_ore":6,"minecraft:deepslate_iron_ore":26,"minecraft:vine":1,"minecraft:iron_bars":1,"minecraft:stone":18,"biomesoplenty:spider_egg":3,"minecraft:iron_block":8,"minecraft:green_bed":2,"minecraft:oak_slab":1,"biomesoplenty:wildflower":1,"minecraft:crafting_table":1,"minecraft:blast_furnace":2,"minecraft:emerald_ore":4,"minecraft:tall_grass":2,"minecraft:cobblestone":2,"biomesoplenty:sprout":1,"minecraft:deepslate_gold_ore":5,"minecraft:sugar_cane":1,"minecraft:tinted_glass":1,"minecraft:wheat":1,"minecraft:grass":4,"minecraft:coal_ore":45,"minecraft:oak_log":8,"biomesoplenty:stringy_cobweb":1,"minecraft:cobweb":17,"minecraft:emerald_block":1,"minecraft:deepslate":53},"minecraft:dropped":{"minecraft:vine":1,"minecraft:glow_ink_sac":8,"biomesoplenty:hanging_cobweb":2,"tombstone:grave_dust":1,"minecraft:iron_axe":1,"jujutsucraft:dragon_bone":1,"jujutsucraft:uniform_normal_leggings":1,"minecraft:wheat":1,"jujutsucraft:uniform_normal_chestplate":1,"alexsmobs:cockroach_wing_fragment":2,"biomesoplenty:webbing":1},"minecraft:picked_up":{"minecraft:crafting_table":1,"minecraft:wheat":3,"minecraft:ladder":1,"alexsmobs:gazelle_horn":2,"minecraft:string":16,"minecraft:cobbled_deepslate":66,"minecraft:beef":8,"minecraft:tinted_glass":1,"biomesoplenty:wildflower":1,"minecraft:sugar_cane":3,"biomesoplenty:hanging_cobweb":2,"minecraft:furnace":2,"minecraft:raw_iron":105,"minecraft:stone":1,"jujutsucraft:playful_cloud":1,"minecraft:torch":1,"minecraft:green_bed":3,"minecraft:vine":1,"alexsmobs:centipede_leg":2,"minecraft:hay_block":84,"minecraft:iron_block":6,"minecraft:mutton":3,"minecraft:iron_bars":1,"minecraft:white_wool":2,"minecraft:cobblestone":20,"minecraft:glow_ink_sac":7,"minecraft:jungle_log":6,"minecraft:leather":3,"naturalist:lizard_tail":1,"minecraft:lapis_lazuli":39,"minecraft:dirt":1,"minecraft:white_banner":4,"minecraft:apple":1,"alexsmobs:cockroach_wing_fragment":2,"biomesoplenty:webbing":1,"minecraft:raw_gold":5,"minecraft:tall_grass":1,"jujutsucraft:dragon_bone":1,"minecraft:emerald_block":1,"minecraft:sand":1,"minecraft:blast_furnace":2,"minecraft:deepslate":2,"minecraft:polished_diorite":1,"minecraft:crossbow":2,"minecraft:emerald":4,"minecraft:coal":78},"minecraft:used":{"minecraft:dirt":1,"minecraft:jungle_planks":9,"jujutsucraft:uniform_gojo_chestplate":1,"minecraft:lava_bucket":14,"minecraft:iron_axe":16,"jujutsucraft:uniform_gojo_leggings":1,"minecraft:tall_grass":1,"minecraft:furnace":2,"jujutsucraft:playful_cloud":1,"tombstone:gift":2,"minecraft:cobbled_deepslate":25,"minecraft:iron_leggings":1,"minecraft:water_bucket":8,"minecraft:stone_pickaxe":79,"minecraft:wooden_pickaxe":10,"minecraft:green_bed":2,"minecraft:white_wool":2,"minecraft:crafting_table":4,"minecraft:blast_furnace":2,"biomesoplenty:wildflower":1,"minecraft:iron_pickaxe":195,"jujutsucraft:dragon_bone":20,"minecraft:deepslate":2,"minecraft:cobblestone":10,"minecraft:bucket":24,"alexsmobs:animal_dictionary":1,"jujutsucraft:sunglasses_helmet":1,"minecraft:smooth_stone":1,"minecraft:experience_bottle":1},"minecraft:crafted":{"minecraft:smooth_stone":7,"minecraft:oak_planks":24,"minecraft:furnace":4,"minecraft:blast_furnace":2,"minecraft:stone":7,"minecraft:iron_boots":1,"minecraft:iron_axe":1,"minecraft:stone_pickaxe":1,"minecraft:emerald":9,"minecraft:crafting_table":3,"minecraft:iron_helmet":1,"minecraft:wooden_pickaxe":1,"minecraft:bucket":1,"minecraft:bread":5,"minecraft:jungle_planks":24,"minecraft:iron_chestplate":1,"minecraft:stick":8,"minecraft:iron_ingot":102,"minecraft:iron_pickaxe":1,"minecraft:iron_block":6,"minecraft:iron_leggings":1},"minecraft:killed_by":{"jujutsucraft:cursed_spirit_grade_38":1,"minecraft:player":1,"jujutsucraft:cursed_spirit_grade_14":1,"jujutsucraft:cursed_spirit_grade_12":1,"jujutsucraft:kashimo_hajime":8,"jujutsucraft:nanami_kento":1,"jujutsucraft:cursed_spirit_grade_19":5,"jujutsucraft:fushiguro_toji_bug":2,"jujutsucraft:geto_suguru":1,"jujutsucraft:inumaki_toge":2,"jujutsucraft:cursed_spirit_grade_21":1,"jujutsucraft:cursed_spirit_grade_06":1},"minecraft:broken":{"minecraft:iron_boots":1,"minecraft:iron_chestplate":1,"minecraft:iron_leggings":1,"minecraft:iron_helmet":1},"minecraft:custom":{"minecraft:mob_kills":160,"minecraft:inspect_hopper":2,"minecraft:interact_with_crafting_table":20,"minecraft:open_barrel":12,"minecraft:damage_dealt_resisted":15085,"minecraft:leave_game":6,"minecraft:time_since_death":9858,"minecraft:climb_one_cm":5564,"minecraft:damage_resisted":8581,"minecraft:sprint_one_cm":334469,"minecraft:walk_one_cm":288383,"minecraft:drop":13,"minecraft:play_time":129129,"minecraft:sneak_time":993,"minecraft:deaths":28,"minecraft:walk_under_water_one_cm":68558,"minecraft:jump":3301,"minecraft:interact_with_blast_furnace":16,"minecraft:walk_on_water_one_cm":57054,"minecraft:total_world_time":129129,"minecraft:interact_with_furnace":14,"tombstone:raider_killed":28,"minecraft:sleep_in_bed":1,"minecraft:time_since_rest":9172,"minecraft:damage_taken":14951,"minecraft:damage_absorbed":80,"minecraft:swim_one_cm":60956,"minecraft:fly_one_cm":1473295,"minecraft:open_chest":11,"minecraft:crouch_one_cm":2347,"tombstone:villager_killed":1,"minecraft:fall_one_cm":201800}},"DataVersion":3465}