{"stats":{"minecraft:killed":{"jujutsucraft:cursed_spirit_grade_32":20,"jujutsucraft:transfigured_human_3":2,"naturalist:zebra":1,"jujutsucraft:cursed_spirit_grade_21":2,"naturalist:lion":3,"jujutsucraft:cursed_spirit_grade_31":3,"jujutsucraft:cursed_spirit_grade_33":41,"jujutsucraft:stevenson_screen":2,"jujutsucraft:cursed_spirit_grade_12":2,"jujutsucraft:cursed_spirit_grade_24":2,"jujutsucraft:cursed_spirit_grade_37":2,"jujutsucraft:cursed_spirit_grade_35":2,"jujutsucraft:cursed_spirit_grade_318":13,"jujutsucraft:cursed_spirit_grade_316":8,"jujutsucraft:geto_suguru":1,"jujutsucraft:cursed_spirit_grade_22":2,"jujutsucraft:kumiya_juzo":1,"jujutsucraft:transfigured_human_2":3,"minecraft:pufferfish":2,"jujutsucraft:cursed_spirit_grade_39":14,"jujutsucraft:cursed_spirit_grade_312":5,"jujutsucraft:cursed_spirit_grade_313":10,"jujutsucraft:cursed_spirit_grade_16":1,"jujutsucraft:sea_serpent":2,"jujutsucraft:cursed_spirit_grade_08":2,"alexsmobs:centipede_head":2,"minecraft:warden":1,"jujutsucraft:cursed_spirit_grade_317":17,"jujutsucraft:cursed_spirit_grade_38":6,"jujutsucraft:cursed_spirit_grade_34":33,"jujutsucraft:cursed_spirit_grade_27":1,"jujutsucraft:transfigured_human_1":2,"minecraft:camel":1,"minecraft:tropical_fish":6,"alexsmobs:kangaroo":2,"alexsmobs:triops":3,"minecraft:cat":1,"minecraft:pig":1,"jujutsucraft:dagon_1":1,"naturalist:bear":1,"naturalist:firefly":2,"jujutsucraft:awasaka_jiro":1,"naturalist:lizard_tail":1,"minecraft:bat":11,"minecraft:sheep":2,"jujutsucraft:cursed_spirit_grade_28":2,"minecraft:pillager":120,"jujutsucraft:cursed_spirit_grade_314":15,"jujutsucraft:cursed_spirit_grade_14":1,"alexsmobs:cockroach":4,"jujutsucraft:cockroaches":36,"jujutsucraft:crow":1,"jujutsucraft:cursed_spirit_grade_311":4,"jujutsucraft:cursed_spirit_grade_310":9,"alexsmobs:gazelle":2,"jujutsucraft:cursed_spirit_grade_36":14,"naturalist:lizard":1,"alexsmobs:fly":3,"minecraft:glow_squid":4,"jujutsucraft:cursed_spirit_grade_315":34,"jujutsucraft:geto_suguru_curse_user":1,"minecraft:villager":5,"alexsmobs:jerboa":2,"minecraft:cow":4},"minecraft:mined":{"minecraft:tuff":1,"minecraft:dark_oak_leaves":2,"minecraft:deepslate_diamond_ore":9,"minecraft:sculk_vein":1,"biomesoplenty:desert_grass":2,"minecraft:obsidian":1,"minecraft:ladder":1,"minecraft:grass_block":1,"minecraft:decorated_pot":1,"minecraft:jungle_log":6,"minecraft:deepslate_bricks":1,"minecraft:polished_diorite":1,"minecraft:moss_block":1,"minecraft:spawner":1,"minecraft:hay_block":84,"minecraft:furnace":12,"minecraft:iron_ore":440,"minecraft:cobbled_deepslate":21,"minecraft:fire":22,"minecraft:chiseled_deepslate":1,"minecraft:deepslate_lapis_ore":6,"minecraft:anvil":5,"minecraft:gold_block":1,"minecraft:deepslate_iron_ore":26,"minecraft:vine":1,"minecraft:iron_bars":1,"minecraft:stone":78,"biomesoplenty:spider_egg":3,"minecraft:iron_block":12,"minecraft:green_bed":2,"minecraft:oak_slab":1,"minecraft:acacia_leaves":2,"biomesoplenty:wildflower":1,"minecraft:crafting_table":1,"minecraft:blast_furnace":5,"minecraft:emerald_ore":10,"minecraft:tall_grass":2,"minecraft:cobblestone":3,"biomesoplenty:sprout":1,"minecraft:deepslate_gold_ore":5,"minecraft:sugar_cane":1,"minecraft:sculk":1,"minecraft:tinted_glass":1,"minecraft:wheat":1,"minecraft:grass":4,"minecraft:coal_ore":271,"minecraft:oak_log":8,"biomesoplenty:stringy_cobweb":1,"minecraft:cobweb":17,"minecraft:emerald_block":1,"minecraft:deepslate":62},"minecraft:dropped":{"minecraft:candle":3,"minecraft:bread":38,"minecraft:vine":1,"minecraft:wheat_seeds":1,"minecraft:glow_ink_sac":16,"biomesoplenty:hanging_cobweb":2,"minecraft:crossbow":1,"minecraft:cobblestone":1,"minecraft:glow_berries":6,"minecraft:leather":3,"minecraft:coal":7,"minecraft:stick":4,"tombstone:grave_dust":1,"minecraft:amethyst_shard":3,"minecraft:sand":11,"minecraft:white_banner":1,"minecraft:iron_axe":1,"jujutsucraft:dragon_bone":1,"jujutsucraft:sukuna_finger":2,"minecraft:bone":2,"tombstone:familiar_stone":1,"jujutsucraft:uniform_normal_leggings":1,"alexsmobs:animal_dictionary":1,"minecraft:deepslate":31,"minecraft:wheat":1,"minecraft:name_tag":1,"minecraft:cooked_mutton":3,"jujutsucraft:uniform_normal_chestplate":1,"minecraft:echo_shard":3,"alexsmobs:kangaroo_hide":2,"minecraft:potato":29,"alexsmobs:cockroach_wing_fragment":3,"biomesoplenty:webbing":1},"minecraft:picked_up":{"minecraft:crafting_table":1,"minecraft:wheat":3,"minecraft:ladder":1,"minecraft:anvil":5,"minecraft:enchanted_book":1,"jujutsucraft:clothes_geto_boots":1,"minecraft:gold_block":1,"minecraft:diamond_horse_armor":1,"alexsmobs:gazelle_horn":2,"minecraft:string":23,"minecraft:experience_bottle":3,"minecraft:echo_shard":3,"minecraft:candle":3,"minecraft:cobbled_deepslate":69,"jujutsucraft:sword_black":1,"minecraft:beef":8,"minecraft:enchanted_golden_apple":1,"minecraft:tinted_glass":1,"biomesoplenty:wildflower":1,"minecraft:sugar_cane":3,"biomesoplenty:hanging_cobweb":2,"minecraft:furnace":12,"minecraft:stick":1,"minecraft:raw_iron":623,"minecraft:stone":8,"jujutsucraft:playful_cloud":1,"minecraft:green_bed":3,"minecraft:torch":1,"minecraft:vine":2,"alexsmobs:centipede_leg":2,"minecraft:hay_block":84,"minecraft:iron_block":10,"minecraft:glow_berries":6,"minecraft:obsidian":1,"minecraft:mutton":3,"minecraft:iron_bars":1,"minecraft:white_wool":2,"minecraft:cobblestone":78,"minecraft:cooked_beef":8,"minecraft:glow_ink_sac":14,"minecraft:jungle_log":6,"minecraft:leather":3,"minecraft:potato":22,"jujutsucraft:sukuna_finger":2,"naturalist:lizard_tail":1,"minecraft:lapis_lazuli":39,"minecraft:dirt":1,"minecraft:white_banner":5,"minecraft:name_tag":1,"minecraft:bone":2,"minecraft:apple":1,"minecraft:wheat_seeds":1,"alexsmobs:cockroach_wing_fragment":3,"biomesoplenty:webbing":1,"minecraft:raw_gold":5,"minecraft:iron_ingot":17,"minecraft:tall_grass":1,"jujutsucraft:dragon_bone":1,"minecraft:emerald_block":1,"minecraft:gravel":3,"minecraft:sand":12,"minecraft:amethyst_shard":3,"minecraft:blast_furnace":5,"alexsmobs:kangaroo_hide":3,"minecraft:diamond":9,"minecraft:deepslate":35,"minecraft:polished_diorite":1,"minecraft:crossbow":4,"minecraft:bread":34,"minecraft:emerald":10,"minecraft:baked_potato":35,"minecraft:coal":691},"minecraft:used":{"minecraft:stone":4,"jujutsucraft:sukuna_finger":1,"minecraft:anvil":1,"minecraft:dirt":1,"minecraft:jungle_planks":9,"minecraft:obsidian":1,"jujutsucraft:uniform_gojo_chestplate":1,"minecraft:lava_bucket":42,"minecraft:iron_axe":16,"jujutsucraft:uniform_gojo_leggings":1,"minecraft:tall_grass":1,"minecraft:furnace":10,"jujutsucraft:playful_cloud":4,"tombstone:gift":2,"minecraft:cobbled_deepslate":28,"minecraft:iron_leggings":1,"minecraft:water_bucket":52,"minecraft:stone_pickaxe":79,"minecraft:wooden_pickaxe":10,"minecraft:green_bed":2,"minecraft:white_wool":2,"minecraft:sand":1,"minecraft:vine":1,"minecraft:crafting_table":8,"minecraft:blast_furnace":7,"biomesoplenty:wildflower":1,"minecraft:diamond_pickaxe":144,"minecraft:iron_pickaxe":751,"minecraft:gravel":3,"jujutsucraft:dragon_bone":20,"minecraft:deepslate":12,"minecraft:cobblestone":34,"minecraft:bucket":94,"jujutsucraft:sunglasses_helmet":1,"alexsmobs:animal_dictionary":1,"minecraft:smooth_stone":1,"minecraft:experience_bottle":1},"minecraft:crafted":{"minecraft:smooth_stone":25,"minecraft:oak_planks":24,"minecraft:furnace":6,"minecraft:blast_furnace":7,"minecraft:stone":20,"minecraft:cooked_mutton":3,"minecraft:iron_boots":1,"minecraft:iron_axe":1,"minecraft:stone_pickaxe":1,"minecraft:emerald":9,"minecraft:crafting_table":7,"minecraft:wooden_pickaxe":1,"minecraft:iron_helmet":1,"minecraft:bucket":1,"minecraft:bread":5,"minecraft:jungle_planks":24,"minecraft:diamond_pickaxe":1,"minecraft:iron_chestplate":1,"minecraft:stick":16,"minecraft:iron_ingot":460,"minecraft:iron_pickaxe":3,"minecraft:iron_block":44,"minecraft:gold_ingot":16,"minecraft:iron_leggings":1},"minecraft:killed_by":{"jujutsucraft:cursed_spirit_grade_38":1,"minecraft:player":9,"jujutsucraft:cursed_spirit_grade_14":1,"jujutsucraft:kenjaku":1,"jujutsucraft:mahito":1,"jujutsucraft:cursed_spirit_grade_12":1,"jujutsucraft:kashimo_hajime":8,"jujutsucraft:nanami_kento":1,"jujutsucraft:cursed_spirit_grade_19":5,"jujutsucraft:sukuna":1,"jujutsucraft:fushiguro_toji_bug":3,"jujutsucraft:cursed_spirit_grade_04":1,"jujutsucraft:gojo_satoru":2,"jujutsucraft:okkotsu_yuta":1,"jujutsucraft:geto_suguru":1,"jujutsucraft:sukuna_fushiguro":5,"jujutsucraft:inumaki_toge":2,"jujutsucraft:ishigori_ryu":2,"jujutsucraft:cursed_spirit_grade_21":1,"jujutsucraft:cursed_spirit_grade_06":1},"minecraft:broken":{"minecraft:iron_boots":1,"minecraft:iron_chestplate":1,"minecraft:iron_leggings":1,"minecraft:iron_pickaxe":3,"minecraft:iron_helmet":1},"minecraft:custom":{"minecraft:interact_with_anvil":1,"minecraft:mob_kills":506,"minecraft:inspect_hopper":2,"minecraft:interact_with_crafting_table":48,"minecraft:open_barrel":12,"minecraft:damage_dealt_resisted":110971,"minecraft:leave_game":10,"minecraft:time_since_death":113472,"minecraft:climb_one_cm":8233,"minecraft:damage_resisted":69544,"minecraft:sprint_one_cm":1276818,"minecraft:walk_one_cm":808620,"minecraft:drop":101,"minecraft:damage_dealt_absorbed":40,"minecraft:play_time":396549,"minecraft:deaths":53,"minecraft:sneak_time":1788,"minecraft:walk_under_water_one_cm":123255,"minecraft:jump":7256,"minecraft:interact_with_blast_furnace":65,"minecraft:walk_on_water_one_cm":94213,"minecraft:total_world_time":396549,"minecraft:interact_with_furnace":56,"tombstone:raider_killed":120,"minecraft:sleep_in_bed":1,"minecraft:time_since_rest":113225,"minecraft:damage_taken":35286,"minecraft:damage_absorbed":335,"minecraft:damage_dealt":147,"minecraft:swim_one_cm":73276,"minecraft:fly_one_cm":3814174,"minecraft:open_chest":29,"minecraft:crouch_one_cm":3506,"tombstone:villager_killed":5,"minecraft:fall_one_cm":642698}},"DataVersion":3465}