{"stats":{"minecraft:picked_up":{"ars_nouveau:caster_tome":2,"minecraft:iron_chestplate":1,"minecraft:wheat":146,"illagerinvasion:platinum_chunk":1,"minecraft:anvil":1,"minecraft:stone_slab":3,"alexscaves:cave_tablet":14,"minecraft:oak_stairs":1,"minecraft:enchanted_book":4,"minecraft:wither_rose":4,"ars_nouveau:bombegranate_pod":24,"minecraft:stone_brick_stairs":2,"minecraft:polished_deepslate":4,"minecraft:polished_blackstone_brick_stairs":2,"paraglider:goddess_statue":1,"minecraft:string":65,"minecraft:raw_copper":47,"epicpaladins:bloodstone_gem":22,"minecraft:red_nether_bricks":5,"minecraft:iron_leggings":1,"minecraft:sticky_piston":1,"biomesoplenty:tall_lavender":1,"minecraft:sea_pickle":12,"iceandfire:sea_serpent_scales_bronze":3,"biomesoplenty:brimstone":13,"minecraft:deepslate_tiles":6,"minecraft:gold_nugget":731,"minecraft:cobbled_deepslate":415,"minecraft:iron_pickaxe":1,"minecraft:smooth_quartz":2,"minecraft:enchanted_golden_apple":1,"minecraft:iron_boots":4,"minecraft:furnace":9,"minecraft:stick":56,"epicpaladins:arclight_gem":38,"minecraft:big_dripleaf":1,"minecraft:oak_fence":2,"minecraft:torch":8,"iceandfire:dragonscales_white":22,"minecraft:spruce_stairs":1,"minecraft:porkchop":3,"minecraft:cherry_log":17,"tombstone:grave_dust":7,"minecraft:pointed_dripstone":2,"cardinal_sins:stone_greatsword":1,"epicpaladins:moonlight_gem":4,"graveyard:dark_iron_trapdoor":2,"undead_revamp2:cloogerribs":78,"minecraft:stone_sword":1,"slashblade:proudsoul":1,"minecraft:rotten_flesh":75,"biomesoplenty:rose_quartz_chunk":2,"ars_nouveau:worn_notebook":1,"iceandfire:fire_dragon_heart":2,"minecraft:mangrove_roots":2,"minecraft:white_terracotta":13,"minecraft:obsidian":14,"undead_revamp2:arapholia":1,"minecraft:iron_bars":7,"minecraft:cod":1,"minecraft:cobblestone":558,"biomesoplenty:lavender":26,"minecraft:birch_log":5,"slashblade:proudsoul_ingot":1,"minecraft:feather":2,"minecraft:andesite":3181,"minecraft:smoker":1,"alexsmobs:bison_fur":7,"alexscaves:cave_book":1,"paraglider:spirit_orb":8,"minecraft:flint":1,"minecraft:tuff":65,"undead_revamp2:huntereye":1,"minecraft:wither_skeleton_skull":1,"minecraft:lapis_lazuli":32,"minecraft:dirt":40,"iceandfire:dragonscales_bronze":26,"minecraft:lantern":10,"minecraft:bone":96,"minecraft:bow":3,"minecraft:wheat_seeds":426,"cardinal_sins:malevolichite":10,"minecraft:raw_gold":3,"minecraft:mossy_stone_bricks":1,"minecraft:oak_planks":6,"minecraft:chiseled_polished_blackstone":2,"minecraft:cooked_porkchop":4,"iceandfire:dragon_skull_fire":2,"iceandfire:shiny_scales":1,"minecraft:nether_brick_stairs":1,"sophisticatedbackpacks:iron_backpack":2,"minecraft:spectral_arrow":20,"alexsmobs:animal_dictionary":1,"minecraft:mossy_cobblestone":7,"minecraft:bundle":3,"minecraft:diamond":41,"minecraft:slime_block":1,"minecraft:soul_lantern":1,"graveyard:cyan_urn":1,"iceandfire:dragon_ice":1,"minecraft:cracked_polished_blackstone_bricks":20,"minecraft:golden_apple":1,"minecraft:bread":33,"minecraft:emerald":13,"minecraft:oak_sapling":5,"minecraft:netherrack":2,"minecraft:dark_oak_fence":3,"iceandfire:silver_nugget":4,"ars_nouveau:red_archwood_log":338,"undead_revamp2:bostroxingot":11,"minecraft:crafting_table":9,"minecraft:chicken":1,"iceandfire:witherbone":1,"graveyard:dark_iron_ingot":2,"minecraft:redstone_lamp":40,"ars_nouveau:blue_archwood_sapling":27,"minecraft:gold_block":7,"ars_nouveau:archwood_planks":72,"alexsmobs:cooked_catfish":1,"minecraft:moss_carpet":9,"minecraft:red_bed":4,"iceandfire:frozen_stone":6,"undead_revamp2:bostroxset_chestplate":2,"minecraft:white_carpet":1,"minecraft:blackstone":38,"graveyard:corruption":50,"minecraft:cracked_stone_bricks":9,"minecraft:beef":37,"minecraft:iron_nugget":17,"minecraft:lectern":4,"minecraft:chest":4,"minecraft:raw_copper_block":9,"minecraft:diamond_hoe":1,"iceandfire:ice_dragon_heart":1,"minecraft:raw_iron":163,"iceandfire:dragonbone":25,"ars_nouveau:purple_archwood_log":350,"iceandfire:dragonscales_green":21,"iceandfire:chared_grass":1,"ars_nouveau:blue_archwood_log":70,"minecraft:fire_charge":1,"sophisticatedbackpacks:backpack":6,"minecraft:note_block":2,"minecraft:spruce_fence":1,"ars_nouveau:purple_archwood_sapling":48,"minecraft:polished_blackstone_bricks":119,"ars_nouveau:frostaya_pod":3,"minecraft:prismarine_crystals":5,"ars_nouveau:wixie_shards":2,"minecraft:dark_oak_planks":8,"iceandfire:dragon_skull_ice":1,"ars_nouveau:green_archwood_log":111,"minecraft:arrow":18,"iceandfire:sea_serpent_scales_purple":10,"minecraft:nether_bricks":46,"iceandfire:chared_dirt":1,"minecraft:hay_block":22,"alexscaves:spelunkery_table":1,"minecraft:totem_of_undying":2,"minecraft:brick_stairs":3,"minecraft:mutton":11,"minecraft:white_wool":6,"minecraft:bone_block":38,"minecraft:rail":2,"minecraft:stripped_oak_log":3,"minecraft:cracked_deepslate_tiles":5,"undead_revamp2:bostroxset_boots":2,"minecraft:basalt":2,"iceandfire:sea_serpent_fang":17,"minecraft:golden_carrot":4,"minecraft:leather":60,"minecraft:filled_map":1,"minecraft:oak_log":4,"minecraft:gunpowder":4,"minecraft:cobblestone_stairs":1,"mowziesmobs:wrought_axe":2,"iceandfire:dragonscales_blue":26,"minecraft:cooked_mutton":1,"ars_nouveau:green_archwood_sapling":18,"epicpaladins:arclight_pickaxe":2,"minecraft:apple":31,"minecraft:stone_bricks":10,"minecraft:kelp":11,"minecraft:iron_ingot":30,"minecraft:stone_pickaxe":1,"tombstone:bag_of_seeds":2,"iceandfire:sea_serpent_scales_deepblue":1,"iceandfire:fire_dragon_flesh":3,"minecraft:flowering_azalea":1,"minecraft:soul_sand":2,"minecraft:book":68,"minecraft:scaffolding":34,"slashblade:proudsoul_tiny":16,"enemyexpansion:phantom_eye":1,"minecraft:dark_oak_slab":1,"minecraft:pumpkin":6,"minecraft:sweet_berries":31,"minecraft:chiseled_stone_bricks":3,"minecraft:dandelion":10,"ars_nouveau:red_archwood_sapling":68,"minecraft:stone_brick_slab":1,"graveyard:ossuary":2,"minecraft:quartz":19,"minecraft:cracked_nether_bricks":2,"minecraft:raw_iron_block":8,"minecraft:gravel":35,"ars_nouveau:bastion_pod":6,"mowziesmobs:wrought_helmet":1,"minecraft:blast_furnace":8,"minecraft:white_bed":1,"minecraft:nether_brick_slab":2,"minecraft:crying_obsidian":6,"minecraft:spruce_door":1,"undead_revamp2:bostroxset_helmet":1,"undead_revamp2:rawbostrox":34,"minecraft:slime_ball":36,"minecraft:cherry_sapling":11,"iceandfire:ice_dragon_flesh":14,"minecraft:baked_potato":3,"minecraft:black_wool":2,"minecraft:coal":457},"minecraft:mined":{"minecraft:dark_oak_planks":4,"minecraft:cherry_log":17,"minecraft:cobblestone_stairs":2,"minecraft:red_nether_bricks":6,"biomesoplenty:brimstone":2,"minecraft:obsidian":13,"minecraft:grass_block":3,"sophisticatedbackpacks:iron_backpack":2,"minecraft:cracked_polished_blackstone_bricks":9,"graveyard:dark_iron_door":1,"minecraft:chiseled_stone_bricks":3,"minecraft:spawner":4,"minecraft:light_blue_stained_glass":1,"minecraft:polished_blackstone_bricks":18,"epicpaladins:moonlight_ore":3,"minecraft:raw_iron_block":8,"biomesoplenty:tall_lavender":1,"minecraft:iron_ore":114,"minecraft:sticky_piston":1,"minecraft:fire":12,"minecraft:cobbled_deepslate":7,"biomesoplenty:lavender":3,"graveyard:leaning_wither_skeleton":1,"graveyard:ossuary":2,"minecraft:pumpkin":6,"minecraft:anvil":1,"minecraft:deepslate_lapis_ore":2,"minecraft:nether_brick_stairs":1,"ars_nouveau:red_archwood_log":205,"iceandfire:gold_pile":82,"minecraft:iron_bars":3,"minecraft:oak_stairs":2,"minecraft:azalea":1,"minecraft:red_bed":4,"minecraft:blackstone":1,"minecraft:kelp_plant":2,"graveyard:dark_iron_trapdoor":2,"minecraft:smoker":1,"minecraft:torch":1,"iceandfire:dragon_ice_spikes":10,"minecraft:note_block":2,"minecraft:blast_furnace":8,"minecraft:chest":4,"minecraft:cobblestone":18,"minecraft:slime_block":1,"minecraft:prismarine":4,"minecraft:oak_planks":7,"minecraft:wall_torch":5,"minecraft:dark_oak_slab":1,"minecraft:birch_log":5,"minecraft:wheat":146,"minecraft:stone_brick_stairs":1,"minecraft:cracked_deepslate_tiles":7,"minecraft:grass":31,"minecraft:oak_log":4,"minecraft:dirt":4,"minecraft:smooth_quartz":2,"minecraft:sand":1,"graveyard:cyan_urn":1,"structure_gel:dynamic_spawner":4,"minecraft:raw_copper_block":9,"minecraft:piston":1,"minecraft:netherrack":2,"minecraft:deepslate":524,"minecraft:oak_leaves":7,"epicpaladins:arclight_ore":18,"minecraft:redstone_lamp":43,"minecraft:deepslate_tiles":6,"minecraft:tuff":78,"minecraft:mossy_cobblestone":1,"minecraft:deepslate_diamond_ore":32,"minecraft:nether_bricks":48,"minecraft:dark_oak_fence":3,"biomesoplenty:bush":4,"iceandfire:frozen_stone":1,"minecraft:spruce_fence":1,"graveyard:tg_deepslate":1,"iceandfire:chared_dirt":1,"minecraft:spruce_leaves":1,"minecraft:cracked_nether_bricks":2,"iceandfire:chared_grass":1,"epicpaladins:deepslate_arclight_ore":1,"minecraft:large_fern":2,"minecraft:hay_block":23,"minecraft:furnace":8,"minecraft:polished_basalt":2,"minecraft:andesite":127,"minecraft:gold_block":6,"minecraft:polished_deepslate":4,"minecraft:bookshelf":21,"minecraft:deepslate_iron_ore":17,"biomesoplenty:brimstone_bud":1,"minecraft:lantern":1,"minecraft:stripped_oak_log":3,"minecraft:stone":250,"ars_nouveau:purple_archwood_log":134,"minecraft:bone_block":39,"sophisticatedbackpacks:backpack":5,"minecraft:fire_coral_block":2,"minecraft:scaffolding":3,"cardinal_sins:malevolichite_ore":5,"ars_nouveau:green_archwood_log":61,"minecraft:basalt":1,"minecraft:stone_brick_slab":1,"minecraft:observer":1,"minecraft:dandelion":1,"minecraft:oak_fence":2,"minecraft:crafting_table":8,"undead_revamp2:bostrokestone":7,"minecraft:emerald_ore":1,"minecraft:lectern":2,"minecraft:stone_slab":2,"minecraft:copper_ore":14,"minecraft:tall_grass":32,"minecraft:lapis_ore":1,"minecraft:deepslate_gold_ore":3,"minecraft:spruce_stairs":1,"minecraft:sea_pickle":5,"epicpaladins:bloodstone_ore":14,"ars_nouveau:blue_archwood_log":70,"graveyard:vase_block":3,"graveyard:skull_with_rib_cage":1,"ars_nouveau:purple_archwood_leaves":31,"minecraft:sweet_berry_bush":8,"minecraft:birch_leaves":1,"minecraft:coal_ore":96,"minecraft:gravel":6,"minecraft:gray_carpet":4,"minecraft:cobweb":43,"minecraft:cracked_stone_bricks":9,"minecraft:stone_bricks":13,"minecraft:deepslate_emerald_ore":1,"paraglider:goddess_statue":1},"minecraft:dropped":{"sophisticatedbackpacks:iron_backpack":1,"minecraft:oak_log":1,"graveyard:torso_pile":2,"minecraft:glass_bottle":3,"minecraft:crafting_table":1,"minecraft:dark_oak_slab":1,"minecraft:lantern":2,"minecraft:leather":1,"minecraft:cracked_stone_bricks":9,"biomesoplenty:rose_quartz_chunk":2,"minecraft:rail":2,"minecraft:cod":1,"minecraft:flint":1,"minecraft:emerald":2,"minecraft:cracked_polished_blackstone_bricks":1,"minecraft:dirt":28,"tombstone:bag_of_seeds":1,"ars_nouveau:red_archwood_log":121,"minecraft:polished_blackstone_brick_stairs":2,"minecraft:cracked_deepslate_tiles":4,"minecraft:gold_nugget":1,"minecraft:polished_blackstone_bricks":2,"minecraft:iron_pickaxe":1,"minecraft:dark_oak_planks":4,"minecraft:gold_ingot":4,"minecraft:bone":39,"minecraft:gravel":15,"minecraft:chiseled_polished_blackstone":2,"minecraft:stone_axe":1,"minecraft:blackstone":25,"minecraft:mangrove_roots":2,"undead_revamp2:bostroxset_boots":2,"minecraft:cobbled_deepslate":276,"alexscaves:cave_tablet":4,"minecraft:wheat":5,"undead_revamp2:arapholia":1,"minecraft:soul_lantern":1,"minecraft:pointed_dripstone":2,"graveyard:dark_iron_ingot":2,"minecraft:rotten_flesh":73,"minecraft:oak_planks":3,"iceandfire:frozen_stone":6,"minecraft:chiseled_stone_bricks":1,"minecraft:gunpowder":3,"minecraft:brick_stairs":3,"undead_revamp2:bostroxset_helmet":2,"epicpaladins:arclight_pickaxe":2,"minecraft:basalt":2,"minecraft:iron_bars":7,"minecraft:arrow":16,"cardinal_sins:stone_greatsword":1,"minecraft:stone_brick_stairs":2,"minecraft:scaffolding":17,"minecraft:quartz":11,"undead_revamp2:rawbostrox":2,"biomesoplenty:tall_lavender":1,"epicpaladins:moonlight_gem":1,"minecraft:bread":19,"minecraft:wheat_seeds":132,"minecraft:mossy_cobblestone":7,"biomesoplenty:lavender":26,"minecraft:iron_helmet":1,"minecraft:feather":2,"minecraft:cobblestone":62,"minecraft:prismarine_crystals":5,"minecraft:spectral_arrow":58,"minecraft:apple":1,"graveyard:skull_on_pike":2,"minecraft:golden_apple":1,"mowziesmobs:wrought_axe":1,"minecraft:stick":18,"illagerinvasion:platinum_chunk":1,"minecraft:torch":2,"biomesoplenty:brimstone":12,"minecraft:cherry_planks":4,"tombstone:grave_dust":8,"minecraft:iron_leggings":1,"minecraft:oak_stairs":1,"minecraft:wither_rose":4,"minecraft:flowering_azalea":1,"minecraft:iron_axe":1,"iceandfire:dragonscales_white":15,"minecraft:string":6,"minecraft:polished_deepslate":2,"epicpaladins:arclight_gem":15,"minecraft:dandelion":10,"minecraft:stone_brick_slab":1,"iceandfire:silver_nugget":4,"minecraft:furnace":1,"minecraft:moss_carpet":8,"minecraft:kelp":11,"minecraft:stone_sword":1,"ars_nouveau:archwood_planks":16,"minecraft:tuff":54,"epicpaladins:bloodstone_gem":3,"minecraft:white_carpet":1,"minecraft:iron_boots":4,"minecraft:stripped_oak_log":2,"minecraft:slime_block":1,"minecraft:stone_slab":1,"minecraft:white_terracotta":13,"enemyexpansion:phantom_eye":1,"graveyard:skeleton_hand":2,"minecraft:pumpkin_seeds":1,"undead_revamp2:bostroxset_chestplate":1,"minecraft:bundle":1,"minecraft:iron_chestplate":2,"minecraft:andesite":1762,"minecraft:mossy_stone_bricks":1,"minecraft:golden_leggings":1,"minecraft:oak_sapling":4,"ars_nouveau:green_archwood_log":55,"minecraft:stone_bricks":3,"minecraft:slime_ball":12,"iceandfire:fire_dragon_heart":1,"minecraft:bow":3,"minecraft:stone_pickaxe":1,"minecraft:wooden_pickaxe":1,"iceandfire:sea_serpent_fang":2,"graveyard:bone_remains":1,"minecraft:black_wool":2},"minecraft:crafted":{"epicpaladins:arclight_sword":1,"ars_nouveau:archwood_planks":252,"iceandfire:tide_purple_leggings":1,"epicpaladins:arclight_pickaxe":2,"epicpaladins:bloodstone_axe":1,"minecraft:cooked_mutton":7,"undead_revamp2:bostroxset_chestplate":1,"minecraft:iron_boots":1,"sophisticatedbackpacks:copper_backpack":3,"justhammers:diamond_hammer":1,"minecraft:chest":12,"iceandfire:armor_blue_boots":1,"sophisticatedbackpacks:backpack":6,"minecraft:crafting_table":13,"minecraft:wooden_pickaxe":1,"minecraft:iron_helmet":1,"minecraft:baked_potato":19,"undead_revamp2:bostroxset_boots":2,"minecraft:copper_ingot":27,"minecraft:birch_planks":20,"slashblade:proudsoul_ingot":1,"minecraft:iron_chestplate":2,"minecraft:golden_leggings":1,"minecraft:shield":1,"minecraft:stick":64,"minecraft:iron_ingot":149,"minecraft:iron_pickaxe":1,"minecraft:gold_ingot":21,"slashblade:proudsoul":1,"minecraft:cherry_planks":8,"minecraft:wooden_sword":14,"iceandfire:armor_blue_chestplate":1,"minecraft:furnace":4,"slashblade:slashblade_wood":14,"minecraft:bone_meal":342,"graveyard:leaning_wither_skeleton":1,"minecraft:iron_axe":2,"minecraft:stone_pickaxe":1,"minecraft:wheat":144,"sophisticatedbackpacks:iron_backpack":3,"minecraft:cooked_beef":11,"paraglider:paraglider":1,"minecraft:stone_axe":3,"minecraft:bread":95,"minecraft:wooden_axe":3,"minecraft:iron_leggings":1,"minecraft:white_bed":1,"undead_revamp2:bostroxset_helmet":1,"undead_revamp2:bostroxingot":32,"minecraft:torch":64},"minecraft:killed":{"illagerinvasion:archivist":3,"minecraft:cave_spider":3,"minecraft:spider":4,"undead_revamp2:clogger":1,"undead_revamp2:thesmoker":1,"graveyard:wraith":10,"illagerinvasion:basher":1,"undead_revamp2:theswarmer":1,"minecraft:skeleton":11,"undead_revamp2:deadclogger":1,"graveyard:acolyte":1,"minecraft:chicken":1,"illagerinvasion:provoker":2,"undead_revamp2:thespitter":1,"minecraft:cat":1,"illagerinvasion:necromancer":1,"minecraft:magma_cube":24,"minecraft:pig":2,"minecraft:iron_golem":3,"minecraft:creeper":4,"minecraft:sheep":8,"minecraft:pillager":7,"minecraft:zombie":9,"alexsmobs:terrapin":2,"graveyard:corrupted_pillager":6,"iceandfire:sea_serpent":2,"minecraft:cow":5,"minecraft:evoker":1,"minecraft:vex":3,"undead_revamp2:theimmortal":1,"undead_revamp2:thegliter":1,"graveyard:corrupted_vindicator":21,"minecraft:giant":1,"minecraft:slime":1,"enemyexpansion:direwolf":3,"minecraft:phantom":3,"mowziesmobs:ferrous_wroughtnaut":1,"iceandfire:fire_dragon":1,"iceandfire:siren":2,"lostfeatures:barnacle":1,"alexsmobs:bison":5,"minecraft:drowned":2,"ars_nouveau:drygmy":1,"ars_nouveau:starbuncle":1,"undead_revamp2:the_moonflower":1,"alexsmobs:cockroach":1,"iceandfire:ghost":2,"enemyexpansion:huntsman":1,"ars_nouveau:whirlisprig":1,"minecraft:wither_skeleton":3},"minecraft:broken":{"minecraft:iron_leggings":1,"minecraft:stone_axe":2,"slashblade:slashblade_wood":4,"minecraft:wooden_axe":2,"minecraft:shield":1},"minecraft:killed_by":{"iceandfire:fire_dragon":1,"minecraft:player":1,"graveyard:corrupted_pillager":1},"minecraft:custom":{"minecraft:interact_with_crafting_table":78,"minecraft:open_barrel":56,"minecraft:leave_game":3,"minecraft:time_since_death":50982,"minecraft:sprint_one_cm":1145043,"minecraft:damage_blocked_by_shield":2200,"minecraft:drop":744,"minecraft:play_noteblock":2,"minecraft:play_time":443183,"minecraft:deaths":28,"minecraft:jump":7998,"minecraft:interact_with_brewingstand":2,"minecraft:walk_on_water_one_cm":125757,"minecraft:interact_with_furnace":88,"minecraft:sleep_in_bed":4,"minecraft:damage_dealt":47339,"minecraft:crouch_one_cm":39534,"tombstone:undead_killed":49,"minecraft:interact_with_anvil":1,"minecraft:mob_kills":177,"minecraft:damage_dealt_resisted":459,"minecraft:climb_one_cm":16859,"minecraft:walk_one_cm":1088336,"minecraft:damage_dealt_absorbed":83,"minecraft:sneak_time":15865,"minecraft:walk_under_water_one_cm":105263,"minecraft:boat_one_cm":89768,"minecraft:interact_with_lectern":1,"minecraft:interact_with_blast_furnace":43,"minecraft:total_world_time":443183,"tombstone:raider_killed":18,"minecraft:tune_noteblock":1,"minecraft:time_since_rest":50326,"minecraft:damage_taken":22732,"minecraft:damage_absorbed":40,"minecraft:swim_one_cm":182782,"minecraft:fly_one_cm":1340587,"minecraft:open_chest":158,"minecraft:fall_one_cm":213178},"minecraft:used":{"minecraft:diamond_hoe":26,"minecraft:chest":4,"minecraft:shield":38,"minecraft:iron_chestplate":2,"minecraft:mutton":6,"minecraft:soul_sand":2,"minecraft:nether_bricks":7,"epicpaladins:bloodstone_axe":123,"minecraft:cracked_deepslate_tiles":1,"minecraft:obsidian":1,"minecraft:tuff":3,"minecraft:big_dripleaf":1,"epicpaladins:arclight_sword":129,"minecraft:iron_helmet":4,"minecraft:stone_bricks":7,"minecraft:sweet_berries":5,"minecraft:oak_sapling":1,"minecraft:furnace":8,"minecraft:potato":12,"minecraft:stone_pickaxe":88,"minecraft:blackstone":3,"minecraft:wooden_pickaxe":13,"minecraft:golden_apple":1,"ars_nouveau:archwood_planks":62,"minecraft:blast_furnace":6,"undead_revamp2:bostroxset_chestplate":1,"minecraft:deepslate_tiles":6,"undead_revamp2:bostroxset_helmet":4,"sophisticatedbackpacks:backpack":5,"minecraft:crying_obsidian":3,"minecraft:bread":111,"ars_nouveau:purple_archwood_log":1,"graveyard:leaning_wither_skeleton":1,"minecraft:fire_charge":1,"minecraft:dark_oak_fence":3,"minecraft:andesite":172,"minecraft:bone_meal":342,"sophisticatedbackpacks:iron_backpack":2,"biomesoplenty:brimstone":1,"minecraft:flint_and_steel":1,"minecraft:netherrack":2,"minecraft:torch":83,"minecraft:dirt":5,"minecraft:spruce_stairs":1,"minecraft:nether_brick_slab":2,"minecraft:spruce_fence":1,"minecraft:nether_brick_stairs":1,"ars_nouveau:red_archwood_log":23,"minecraft:dark_oak_planks":4,"minecraft:wooden_axe":168,"minecraft:iron_axe":44,"iceandfire:armor_blue_chestplate":1,"minecraft:iron_boots":1,"minecraft:smooth_quartz":2,"iceandfire:dragon_ice":1,"iceandfire:armor_blue_boots":1,"minecraft:golden_carrot":4,"slashblade:slashblade_wood":251,"tombstone:gift":6,"minecraft:cooked_beef":11,"minecraft:cobbled_deepslate":12,"minecraft:iron_leggings":1,"minecraft:cooked_mutton":8,"minecraft:wheat_seeds":156,"alexsmobs:cooked_catfish":1,"minecraft:water_bucket":53,"iceandfire:fire_dragon_flesh":1,"minecraft:cobblestone_stairs":1,"undead_revamp2:bostroxset_boots":1,"minecraft:baked_potato":22,"graveyard:ossuary":1,"minecraft:polished_blackstone_bricks":81,"justhammers:diamond_hammer":329,"minecraft:crafting_table":19,"minecraft:red_bed":3,"iceandfire:tide_purple_leggings":1,"mowziesmobs:wrought_axe":658,"tombstone:bag_of_seeds":1,"minecraft:oak_log":3,"epicpaladins:arclight_pickaxe":1608,"minecraft:apple":38,"minecraft:cracked_polished_blackstone_bricks":19,"minecraft:iron_pickaxe":16,"minecraft:stone_slab":1,"minecraft:golden_leggings":1,"minecraft:stone_axe":357,"minecraft:chiseled_stone_bricks":2,"minecraft:cobblestone":78,"minecraft:potion":3,"minecraft:porkchop":3,"minecraft:cooked_porkchop":4,"minecraft:bucket":53,"minecraft:stripped_oak_log":1}},"DataVersion":3465}