{"stats":{"minecraft:killed":{"alexsmobs:lobster":1,"minecraft:spider":3,"minecraft:skeleton":1,"minecraft:piglin_brute":2,"minecraft:magma_cube":9,"minecraft:piglin":11,"minecraft:pig":4,"minecraft:sheep":11,"minecraft:zombie":5,"minecraft:cow":1,"minecraft:blaze":4,"minecraft:vindicator":6,"enemyexpansion:direwolf":4,"undead_revamp2:sucker":1,"minecraft:hoglin":1,"ars_nouveau:whirlisprig":1,"minecraft:wither_skeleton":5,"minecraft:enderman":1},"minecraft:broken":{"minecraft:stone_axe":1,"minecraft:chainmail_helmet":1,"minecraft:shield":1},"minecraft:custom":{"minecraft:interact_with_crafting_table":42,"minecraft:open_barrel":10,"goblintraders:trade_with_goblin":1,"minecraft:leave_game":2,"minecraft:time_since_death":19215,"minecraft:sprint_one_cm":148243,"minecraft:damage_blocked_by_shield":1900,"minecraft:drop":86,"minecraft:play_time":205812,"minecraft:deaths":6,"minecraft:jump":1953,"minecraft:walk_on_water_one_cm":32420,"minecraft:interact_with_furnace":32,"minecraft:interact_with_loom":1,"minecraft:damage_dealt":10282,"minecraft:crouch_one_cm":284,"tombstone:undead_killed":12,"minecraft:interact_with_smoker":1,"minecraft:inspect_dispenser":1,"minecraft:mob_kills":72,"minecraft:climb_one_cm":3489,"minecraft:walk_one_cm":295040,"minecraft:damage_dealt_absorbed":159,"minecraft:sneak_time":264,"minecraft:walk_under_water_one_cm":11207,"minecraft:boat_one_cm":81519,"minecraft:interact_with_lectern":1,"minecraft:total_world_time":205812,"tombstone:raider_killed":6,"minecraft:time_since_rest":18959,"minecraft:damage_taken":6759,"minecraft:swim_one_cm":7460,"minecraft:fly_one_cm":170394,"minecraft:open_chest":48,"minecraft:fall_one_cm":43943},"minecraft:crafted":{"minecraft:oak_planks":56,"ars_nouveau:archwood_planks":370,"minecraft:cooked_mutton":16,"minecraft:bow":1,"minecraft:iron_boots":1,"ars_nouveau:archwood_button":1,"minecraft:chest":2,"minecraft:emerald":1,"minecraft:cooked_porkchop":6,"minecraft:crafting_table":14,"minecraft:wooden_pickaxe":1,"minecraft:iron_helmet":1,"minecraft:iron_chestplate":3,"minecraft:shield":1,"minecraft:stick":24,"minecraft:iron_pickaxe":2,"minecraft:stone_sword":1,"minecraft:gold_ingot":39,"ars_nouveau:scribes_table":1,"ars_nouveau:archwood_pressure_plate":2,"minecraft:furnace":2,"minecraft:bone_meal":6,"ars_nouveau:archwood_slab":6,"ars_nouveau:novice_spell_book":1,"minecraft:iron_axe":1,"minecraft:stone_pickaxe":1,"epicpaladins:cryorium_pickaxe":1,"minecraft:cooked_beef":2,"minecraft:iron_sword":1,"epicpaladins:cryorium_axe":1,"minecraft:bucket":1,"minecraft:stone_axe":1,"minecraft:air":0,"minecraft:oak_boat":2,"minecraft:gold_nugget":9,"minecraft:iron_shovel":1,"minecraft:torch":8},"minecraft:killed_by":{"iceandfire:fire_dragon":1},"minecraft:dropped":{"minecraft:iron_sword":1,"minecraft:moss_block":1,"minecraft:leather":3,"biomesoplenty:rose_quartz_chunk":1,"minecraft:jungle_planks":2,"iceandfire:ectoplasm":4,"minecraft:dirt":5,"minecraft:polished_blackstone_brick_stairs":1,"minecraft:gold_nugget":11,"minecraft:gravel":1,"ars_nouveau:blue_archwood_log":7,"minecraft:golden_chestplate":2,"alexsmobs:animal_dictionary":1,"alexscaves:cave_tablet":1,"minecraft:rotten_flesh":13,"minecraft:oak_planks":3,"ars_nouveau:archwood_slab":6,"undead_revamp2:cloogerribs":2,"minecraft:leather_chestplate":1,"minecraft:leather_boots":1,"minecraft:leather_leggings":1,"ars_nouveau:red_archwood_sapling":2,"slashblade:proudsoul_tiny":1,"minecraft:crimson_planks":4,"minecraft:wheat_seeds":4,"biomesoplenty:lavender":8,"minecraft:iron_helmet":1,"minecraft:cobblestone":1,"biomesoplenty:jacaranda_log":19,"minecraft:stick":1,"ars_nouveau:worn_notebook":1,"minecraft:golden_carrot":4,"biomesoplenty:brimstone":4,"tombstone:grave_dust":3,"minecraft:iron_leggings":1,"minecraft:wither_rose":4,"minecraft:flowering_azalea":1,"minecraft:iron_axe":1,"minecraft:string":4,"minecraft:stone_brick_slab":1,"minecraft:nether_brick_slab":2,"minecraft:kelp":2,"minecraft:sweet_berries":1,"minecraft:oak_trapdoor":1,"minecraft:blaze_rod":2,"minecraft:stone_sword":1,"ars_nouveau:archwood_planks":61,"minecraft:diamond_hoe":1,"minecraft:light_gray_wool":1,"minecraft:iron_boots":1,"minecraft:sea_pickle":4,"minecraft:iron_chestplate":1,"minecraft:golden_leggings":1,"minecraft:bow":2,"minecraft:black_wool":1},"minecraft:mined":{"epicpaladins:cryorium_ore":3,"biomesoplenty:brimstone":1,"minecraft:obsidian":2,"minecraft:grass_block":12,"minecraft:stone_brick_wall":1,"minecraft:cracked_polished_blackstone_bricks":56,"minecraft:nether_wart":5,"minecraft:spawner":1,"minecraft:polished_blackstone_bricks":105,"epicpaladins:moonlight_ore":10,"biomesoplenty:tall_lavender":5,"minecraft:fire":16,"biomesoplenty:lavender":4,"minecraft:flowering_azalea_leaves":1,"minecraft:azalea_leaves":2,"biomesoplenty:jacaranda_leaves":5,"minecraft:blackstone":10,"minecraft:cobblestone":2,"ars_nouveau:scribes_table":1,"ars_nouveau:red_archwood_leaves":3,"minecraft:wall_torch":1,"epicpaladins:deepslate_cryorium_ore":4,"biomesoplenty:large_rose_quartz_bud":1,"minecraft:tnt":1,"minecraft:grass":36,"minecraft:oak_log":14,"minecraft:sand":1,"minecraft:dirt":22,"minecraft:crimson_planks":3,"minecraft:stonecutter":1,"minecraft:netherrack":85,"minecraft:oak_leaves":2,"minecraft:deepslate":6,"minecraft:suspicious_gravel":2,"minecraft:nether_gold_ore":1,"alexscaves:spelunkery_table":1,"iceandfire:silver_ore":9,"minecraft:deepslate_diamond_ore":1,"minecraft:dark_oak_leaves":9,"minecraft:dark_oak_fence":1,"minecraft:purple_terracotta":3,"minecraft:decorated_pot":1,"minecraft:jungle_planks":6,"minecraft:deepslate_brick_slab":1,"biomesoplenty:jacaranda_log":28,"minecraft:oak_trapdoor":1,"minecraft:furnace":6,"minecraft:andesite":4,"minecraft:peony":4,"minecraft:gold_block":4,"graveyard:sarcophagus":2,"minecraft:vine":1,"minecraft:stone":37,"minecraft:flowering_azalea":2,"minecraft:soul_sand":8,"epicpaladins:deepslate_bloodstone_ore":9,"minecraft:stripped_dark_oak_log":2,"minecraft:basalt":8,"minecraft:stone_brick_slab":1,"minecraft:dandelion":1,"minecraft:crafting_table":4,"minecraft:emerald_ore":1,"minecraft:tall_grass":8,"minecraft:polished_blackstone_brick_stairs":6,"ars_nouveau:blue_archwood_log":107,"graveyard:vase_block":2,"minecraft:sweet_berry_bush":5,"minecraft:coal_ore":33,"minecraft:gravel":2,"minecraft:cobweb":7,"minecraft:fern":1},"minecraft:picked_up":{"minecraft:iron_chestplate":1,"minecraft:wither_rose":4,"minecraft:crimson_planks":4,"minecraft:amethyst_block":2,"minecraft:polished_blackstone_brick_stairs":1,"minecraft:string":10,"biomesoplenty:tall_lavender":4,"graveyard:sarcophagus":1,"epicpaladins:bloodstone_gem":9,"minecraft:sea_pickle":4,"biomesoplenty:brimstone":4,"minecraft:gold_nugget":47,"minecraft:cobbled_deepslate":5,"minecraft:furnace":6,"minecraft:stick":11,"minecraft:sheaf_pottery_sherd":1,"minecraft:torch":3,"minecraft:porkchop":7,"tombstone:grave_dust":3,"epicpaladins:moonlight_gem":10,"minecraft:golden_chestplate":1,"undead_revamp2:cloogerribs":5,"minecraft:rotten_flesh":13,"epicpaladins:cryorium_gem":9,"biomesoplenty:rose_quartz_chunk":1,"ars_nouveau:glyph_touch":1,"minecraft:blaze_rod":3,"minecraft:obsidian":3,"minecraft:cobblestone":41,"biomesoplenty:lavender":8,"minecraft:leather_chestplate":1,"minecraft:andesite":2,"paraglider:spirit_orb":2,"minecraft:flint":1,"ars_nouveau:scribes_table":1,"minecraft:dirt":30,"minecraft:lantern":1,"minecraft:leather_boots":1,"minecraft:bone":5,"minecraft:stonecutter":1,"minecraft:bow":2,"minecraft:wheat_seeds":9,"minecraft:deepslate_brick_slab":1,"ars_nouveau:glyph_self":3,"minecraft:moss_block":1,"minecraft:oak_planks":3,"minecraft:cooked_porkchop":1,"iceandfire:dragon_skull_fire":1,"minecraft:jungle_planks":6,"minecraft:sand":1,"minecraft:spectral_arrow":65,"minecraft:diamond":1,"minecraft:angler_pottery_sherd":1,"minecraft:cracked_polished_blackstone_bricks":15,"minecraft:bread":5,"minecraft:emerald":5,"minecraft:chainmail_helmet":1,"iceandfire:raw_silver":10,"minecraft:dark_oak_fence":1,"minecraft:oak_sapling":2,"minecraft:netherrack":77,"minecraft:shelter_pottery_sherd":1,"minecraft:crafting_table":4,"minecraft:azure_bluet":1,"iceandfire:witherbone":3,"minecraft:nether_wart":6,"ars_nouveau:blue_archwood_sapling":11,"minecraft:stone_brick_wall":1,"minecraft:gold_block":4,"biomesoplenty:jacaranda_sapling":5,"ars_nouveau:archwood_slab":6,"ars_nouveau:archwood_planks":2,"minecraft:oak_trapdoor":1,"minecraft:iron_axe":1,"minecraft:blackstone":5,"minecraft:beef":2,"minecraft:oak_boat":2,"minecraft:light_gray_wool":2,"sophisticatedbackpacks:backpack":1,"ars_nouveau:blue_archwood_log":102,"minecraft:polished_blackstone_bricks":81,"ars_nouveau:frostaya_pod":4,"minecraft:purple_terracotta":4,"minecraft:tnt":1,"minecraft:arrow":2,"biomesoplenty:jacaranda_log":21,"minecraft:peony":4,"minecraft:nether_bricks":17,"alexscaves:spelunkery_table":1,"minecraft:mutton":25,"minecraft:white_wool":13,"minecraft:basalt":6,"minecraft:leather":5,"minecraft:oak_log":14,"iceandfire:ectoplasm":4,"minecraft:gunpowder":5,"minecraft:kelp":2,"minecraft:iron_ingot":3,"minecraft:cobweb":6,"minecraft:soul_sand":8,"iceandfire:fire_dragon_flesh":7,"minecraft:iron_sword":1,"minecraft:flowering_azalea":2,"minecraft:book":1,"minecraft:sweet_berries":11,"ars_nouveau:red_archwood_sapling":2,"minecraft:stone_brick_slab":1,"minecraft:gravel":2,"minecraft:amethyst_shard":10,"minecraft:nether_brick_slab":2,"minecraft:spider_eye":1,"undead_revamp2:bostroxset_helmet":1,"minecraft:snort_pottery_sherd":1,"minecraft:black_wool":2,"minecraft:coal":100},"minecraft:used":{"minecraft:chest":2,"minecraft:shield":50,"minecraft:iron_sword":59,"minecraft:rotten_flesh":8,"minecraft:nether_bricks":17,"minecraft:azure_bluet":1,"minecraft:lantern":1,"tombstone:tablet_of_cupidity":1,"undead_revamp2:cloogerribs":3,"minecraft:bow":43,"minecraft:sweet_berries":12,"minecraft:furnace":7,"minecraft:skeleton_skull":1,"minecraft:leather_leggings":1,"ars_nouveau:blue_archwood_sapling":1,"minecraft:stone_pickaxe":35,"minecraft:blackstone":5,"minecraft:leather_chestplate":1,"minecraft:wooden_pickaxe":5,"epicpaladins:cryorium_axe":205,"minecraft:white_wool":2,"minecraft:sand":1,"alexscaves:cave_book":1,"ars_nouveau:archwood_planks":58,"undead_revamp2:bostroxset_helmet":1,"minecraft:bread":5,"minecraft:gravel":1,"minecraft:oak_boat":4,"minecraft:bone_meal":4,"minecraft:cobweb":6,"minecraft:stone_sword":7,"epicpaladins:cryorium_pickaxe":306,"minecraft:netherrack":13,"minecraft:torch":11,"minecraft:dirt":25,"minecraft:flowering_azalea":1,"ars_nouveau:frostaya_pod":3,"minecraft:iron_axe":28,"biomesoplenty:jacaranda_log":2,"minecraft:light_gray_wool":1,"minecraft:basalt":6,"minecraft:golden_carrot":18,"tombstone:gift":6,"minecraft:cobbled_deepslate":2,"minecraft:cooked_mutton":16,"minecraft:water_bucket":2,"iceandfire:fire_dragon_flesh":4,"minecraft:leather_boots":1,"minecraft:polished_blackstone_bricks":81,"minecraft:crafting_table":18,"minecraft:cracked_polished_blackstone_bricks":15,"minecraft:iron_pickaxe":75,"minecraft:stone_axe":112,"minecraft:cobblestone":14,"minecraft:cooked_porkchop":6,"minecraft:bucket":3,"alexsmobs:animal_dictionary":2,"ars_nouveau:scribes_table":2}},"DataVersion":3465}