{
  "__COMMENT1": "To apply this configuration to all newly generated worlds",
  "__COMMENT2": "please place this configuration file into your config directory",
  "__COMMENT3": "with the following name: cpm-server-default.json",
  "player_scaling": {
    "add9f5f3-ec34-3d1f-8fa5-739e1b8faa72": {},
    "7e717c55-d1f2-3445-974f-0cec74b96bbd": {},
    "d20c2a3d-7acf-35c5-99db-2fe9acf9d3e3": {},
    "dfd9ac26-1a03-31cd-9096-73d6a8e394a2": {}
  },
  "player_scaling_settings": {},
  "scaling_settings": {
    "motion": {},
    "mob_visibility": {},
    "defense": {},
    "attack_knockback": {},
    "flight_speed": {},
    "step_height": {},
    "knockback_resist": {},
    "reach": {},
    "health": {},
    "attack_speed": {},
    "attack_dmg": {}
  },
  "skins": {}
}